{
   "book": "1 San Juan",
   "chapters": [
      {
         "chapter": 1,
         "verses": [
            {
               "verse": 1,
               "text": "Lo que era desde el principio, lo que hemos oído, lo que hemos visto con nuestros ojos, lo que hemos mirado, y nuestras manos han tocado, del Verbo de vida:"
            },
            {
               "verse": 2,
               "text": "(Porque la vida fue manifestada; y lo vimos, y testificamos, y os anunciamos la vida eterna, la cual estaba con el Padre, y se nos ha manifestado:)"
            },
            {
               "verse": 3,
               "text": "Lo que hemos visto y oído, eso os anunciamos para que también vosotros tengáis comunión con nosotros, y nuestra comunión verdaderamente  es con el Padre, y con su Hijo Jesu Cristo."
            },
            {
               "verse": 4,
               "text": "Y estas cosas os escribimos, para que vuestro gozo sea cumplido."
            },
            {
               "verse": 5,
               "text": "Pues éste es el mensaje que hemos oído de él mismo, y  que os anunciamos a vosotros: Que Dios es luz, y no hay ningunas tinieblas en él."
            },
            {
               "verse": 6,
               "text": "Si nosotros dijéremos que tenemos comunión con él, y andamos en tinieblas, mentimos, y no hacemos la verdad."
            },
            {
               "verse": 7,
               "text": "Mas si andamos en la luz, como él está en la luz, tenemos comunión los unos con los otros, y la sangre de Jesu Cristo su Hijo nos limpia de todo pecado."
            },
            {
               "verse": 8,
               "text": "Si dijéremos que no tenemos pecado, engañámonos a nosotros mismos, y no hay verdad en nosotros."
            },
            {
               "verse": 9,
               "text": "Si confesamos nuestros pecados, él es fiel y justo para que nos perdone  nuestros pecados, y nos limpie de toda maldad."
            },
            {
               "verse": 10,
               "text": "Si dijéremos que no hemos pecado, le hacemos a él mentiroso, y su palabra no está en nosotros."
            }
         ]
      },
      {
         "chapter": 2,
         "verses": [
            {
               "verse": 1,
               "text": "Hijitos míos, estas cosas os escribo, para que no pequéis; y si alguno hubiere pecado, un abogado tenemos para con el Padre, a Jesu Cristo el Justo:"
            },
            {
               "verse": 2,
               "text": "Y él es la propiciación por nuestros pecados; y no solamente por los nuestros, mas también por  los de todo el mundo."
            },
            {
               "verse": 3,
               "text": "Y por esto sabemos que nosotros le hemos conocido, si guardamos sus mandamientos."
            },
            {
               "verse": 4,
               "text": "El que dice: Yo le he conocido, y no guarda sus mandamientos,  el tal es mentiroso, y no hay verdad en él."
            },
            {
               "verse": 5,
               "text": "Mas el que guarda su palabra, el amor de Dios es verdaderamente perfecto en él: por esto sabemos que estamos en él."
            },
            {
               "verse": 6,
               "text": "El que dice que está en él, debe andar como él anduvo."
            },
            {
               "verse": 7,
               "text": "Hermanos, no os escribo un mandamiento nuevo, sino el mandamiento antiguo, que habéis tenido desde el principio: el mandamiento antiguo es la palabra que habéis oído desde el principio."
            },
            {
               "verse": 8,
               "text": "Otra vez os escribo un mandamiento nuevo, que es la verdad en él, y en vosotros; porque las tinieblas están pasando, y la verdadera luz ya alumbra."
            },
            {
               "verse": 9,
               "text": "El que dice que está en la luz, y aborrece a su hermano,  el tal aun está en tinieblas todavía."
            },
            {
               "verse": 10,
               "text": "El que ama a su hermano, está en la luz, y no hay escándalo en él."
            },
            {
               "verse": 11,
               "text": "Empero el que aborrece a su hermano, está en tinieblas, y anda en tinieblas, y no sabe donde se va; porque las tinieblas le han cegado los ojos."
            },
            {
               "verse": 12,
               "text": "Hijitos, os escribo que vuestros pecados os son perdonados por causa de su nombre."
            },
            {
               "verse": 13,
               "text": "Padres, os escribo que habéis conocido a aquel que  es desde el principio. Mancebos, os escribo que habéis vencido al maligno. Hijitos, os escribo que habéis conocido al Padre."
            },
            {
               "verse": 14,
               "text": "Padres, os he escrito que habéis conocido al que  es desde el principio. Mancebos, yo os escribí que sois fuertes, y que la palabra de Dios mora en vosotros, y que habéis vencido al maligno."
            },
            {
               "verse": 15,
               "text": "No améis al mundo, ni las cosas que están en el mundo. Si alguno ama al mundo, el amor del Padre no está en él."
            },
            {
               "verse": 16,
               "text": "Porque todo lo que hay en el mundo,  que es concupiscencia de la carne, y concupiscencia de los ojos, y soberbia de la vida, no es del Padre, mas es del mundo."
            },
            {
               "verse": 17,
               "text": "Y el mundo se pasa, y su concupiscencia; mas el que hace la voluntad de Dios, permanece para siempre."
            },
            {
               "verse": 18,
               "text": "Hijitos, ya es la postrera hora; y como vosotros habéis oído que el anticristo ha de venir, así también al presente han comenzado a ser muchos anticristos, por lo cual sabemos que ya es la postrimera hora."
            },
            {
               "verse": 19,
               "text": " Ellos salieron de entre nosotros, mas no eran de nosotros; porque si fueran de nosotros, hubieran  cierto permanecido con nosotros; empero  esto es para que se manifestase que todos no son de nosotros."
            },
            {
               "verse": 20,
               "text": "Mas vosotros tenéis la unción del Santo, y conocéis todas las cosas."
            },
            {
               "verse": 21,
               "text": "No os he escrito, como si ignoraseis la verdad, mas como a los que la conocéis, y que ninguna mentira es de la verdad."
            },
            {
               "verse": 22,
               "text": "¿Quién es mentiroso, sino el que niega que Jesús es el Cristo? éste es el anticristo, que niega al Padre, y al Hijo."
            },
            {
               "verse": 23,
               "text": "Cualquiera que niega al Hijo, este tal tampoco tiene al Padre. ( Empero)  cualquiera que confiesa al Hijo, tiene también al Padre."
            },
            {
               "verse": 24,
               "text": "Pues lo que habéis oído desde el principio, sea permaneciente en vosotros;  porque si lo que habéis oído desde el principio fuere permaneciente en vosotros, también vosotros permaneceréis en el Hijo, y en el Padre."
            },
            {
               "verse": 25,
               "text": "Y esta es la promesa, la cual él nos prometió,  que es vida eterna."
            },
            {
               "verse": 26,
               "text": "Estas cosas os he escrito tocante a los que os engañan."
            },
            {
               "verse": 27,
               "text": "Empero la unción que vosotros habéis recibido de él, mora en vosotros; y no tenéis necesidad que ninguno os enseñe; mas como la unción misma os enseña de todas cosas, y es verdadera, y no es mentira, así como os ha enseñado, perseverád en él."
            },
            {
               "verse": 28,
               "text": "Y ahora, hijitos, perseverád en él; para que cuando apareciere, tengamos confianza, y no seamos confundidos por él en su venida."
            },
            {
               "verse": 29,
               "text": "Si sabéis que él es justo, sabéd también que cualquiera que hace justicia, es nacido de él."
            }
         ]
      },
      {
         "chapter": 3,
         "verses": [
            {
               "verse": 1,
               "text": "Mirád cual amor nos ha dado el Padre, que seamos llamados hijos de Dios: por esto el mundo no nos conoce, porque no le conoce a él."
            },
            {
               "verse": 2,
               "text": "Amados  míos, ahora somos nosotros los hijos de Dios, y aun no es manifestado lo que hemos de ser: empero sabemos que cuando él apareciere, seremos semejantes a él; porque le veremos como él es."
            },
            {
               "verse": 3,
               "text": "Y cualquiera que tiene esta esperanza en él se purifica a sí mismo, como él es puro."
            },
            {
               "verse": 4,
               "text": "Cualquiera que hace pecado, traspasa también la ley; porque el pecado es la transgresión de la ley."
            },
            {
               "verse": 5,
               "text": "Y sabéis que él apareció para quitar nuestros pecados, y no hay pecado en él."
            },
            {
               "verse": 6,
               "text": "Cualquiera que permanece en él, no peca: cualquiera que peca, no le ha visto, y no le ha conocido."
            },
            {
               "verse": 7,
               "text": "Hijitos, ninguno os engañe: el que hace justicia es justo, como él también es justo."
            },
            {
               "verse": 8,
               "text": "El que hace pecado, es del diablo; porque el diablo peca desde el principio. Para esto apareció el Hijo de Dios, para que deshaga las obras del diablo."
            },
            {
               "verse": 9,
               "text": "Cualquiera que es nacido de Dios, no hace pecado; porque su simiente mora en él; y no puede pecar, porque es nacido de Dios."
            },
            {
               "verse": 10,
               "text": "En esto son manifiestos los hijos de Dios, y los hijos del diablo: cualquiera que no hace justicia, y que no ama a su hermano, no es de Dios."
            },
            {
               "verse": 11,
               "text": "Porque éste es el mensaje que habéis oído desde el principio, que nos amemos unos a otros:"
            },
            {
               "verse": 12,
               "text": "No como Caín,  que era del maligno, y mató a su hermano. ¿Y por qué causa le mató? Porque sus obras eran malas, y las de su hermano eran justas."
            },
            {
               "verse": 13,
               "text": "Hermanos míos, no os maravilléis si el mundo os aborrece."
            },
            {
               "verse": 14,
               "text": "Nosotros sabemos que somos pasados de muerte a vida, en que amamos a los hermanos. El que no ama a  su hermano, está en muerte."
            },
            {
               "verse": 15,
               "text": "Cualquiera que aborrece a su hermano, es homicida; y sabéis que ningún homicida tiene vida eterna permaneciente en sí."
            },
            {
               "verse": 16,
               "text": "En esto hemos conocido el amor  de Dios, en que él puso su vida por nosotros, y nosotros debemos poner  nuestras vidas por los hermanos."
            },
            {
               "verse": 17,
               "text": "Mas el que tuviere bienes de este mundo, y viere a su hermano tener necesidad, y le cerrare sus entrañas, ¿cómo  es posible que permanezca el amor de Dios en él?"
            },
            {
               "verse": 18,
               "text": "Hijitos míos, no amemos de palabra, ni de lengua; sino con obra y de verdad."
            },
            {
               "verse": 19,
               "text": "Y en esto conocemos que nosotros somos de la verdad, y persuadiremos nuestros corazones delante de él."
            },
            {
               "verse": 20,
               "text": "Porque si nuestro corazón nos reprende, mayor es Dios que nuestro corazón, y sabe todas las cosas."
            },
            {
               "verse": 21,
               "text": "Carísimos, si nuestro corazón no nos reprende, confianza tenemos en Dios;"
            },
            {
               "verse": 22,
               "text": "Y cualquiera cosa que pidiéremos, la recibiremos de él; porque guardamos sus mandamientos, y hacemos las cosas que son agradables delante de él."
            },
            {
               "verse": 23,
               "text": "Y éste es su mandamiento: Que creamos en el nombre de su Hijo Jesu Cristo, y nos amemos unos a otros, como nos lo ha mandado."
            },
            {
               "verse": 24,
               "text": "Y el que guarda sus mandamientos, mora en él, y él en él. Y en esto sabemos que él mora en nosotros, por el Espíritu que nos ha dado."
            }
         ]
      },
      {
         "chapter": 4,
         "verses": [
            {
               "verse": 1,
               "text": "Amados, no creáis a todo espíritu; sino probád los espíritus si son de Dios. Porque muchos falsos profetas son salidos en el mundo."
            },
            {
               "verse": 2,
               "text": "En esto se conoce el Espíritu de Dios: Todo espíritu que confiesa que Jesu Cristo es venido en carne, es de Dios;"
            },
            {
               "verse": 3,
               "text": "Y todo espíritu que no confiesa que Jesu Cristo es venido en carne, no es de Dios; y este tal  espíritu es  espíritu del anticristo, del cual vosotros habéis oído que ha de venir, y que ahora ya está en el mundo."
            },
            {
               "verse": 4,
               "text": "Hijitos, vosotros sois de Dios, y los habéis vencido; porque el que en vosotros  está, es mayor que el que  está en el mundo."
            },
            {
               "verse": 5,
               "text": "Ellos son del mundo, por eso hablan del mundo, y el mundo los oye."
            },
            {
               "verse": 6,
               "text": "Nosotros somos de Dios: el que conoce a Dios, es nuestro escuchador: el que no es de Dios, no nos presta oídos. Por esto conocemos el espíritu de verdad, y el espíritu de error."
            },
            {
               "verse": 7,
               "text": "Carísimos, amémonos unos a otros; porque el amor es de Dios. Y cualquiera que ama, es nacido de Dios, y conoce a Dios."
            },
            {
               "verse": 8,
               "text": "El que no ama, no conoce a Dios; porque Dios es amor."
            },
            {
               "verse": 9,
               "text": "En esto se mostró el amor de Dios en nosotros, en que Dios envió su Hijo unigénito al mundo, para que vivamos por él."
            },
            {
               "verse": 10,
               "text": "En esto consiste el amor, no que nosotros hayamos amado a Dios, sino que él nos amó a nosotros, y envió a su Hijo  para ser propiciación por nuestros pecados."
            },
            {
               "verse": 11,
               "text": "Amados, si Dios nos ha así amado, debemos también nosotros amarnos los unos a los otros."
            },
            {
               "verse": 12,
               "text": "Ninguno vio jamás a Dios. Si nos amamos los unos a los otros, Dios está en nosotros, y su amor es perfecto en nosotros."
            },
            {
               "verse": 13,
               "text": "En esto conocemos que moramos en él, y él en nosotros, en que nos ha dado de su Espíritu."
            },
            {
               "verse": 14,
               "text": "Y nosotros hemos visto, y testificamos que el Padre ha enviado a  su Hijo  para ser Salvador del mundo."
            },
            {
               "verse": 15,
               "text": "Cualquiera que confesare que Jesús es el Hijo de Dios, Dios está en él, y él en Dios."
            },
            {
               "verse": 16,
               "text": "Y nosotros hemos conocido, y creído el amor que Dios tiene por nosotros. Dios es amor; y el que mora en amor mora en Dios, y Dios en él."
            },
            {
               "verse": 17,
               "text": "En esto es perfecto el amor con nosotros, para que tengamos confianza en el día del juicio, que cual él es, tales somos nosotros en este mundo."
            },
            {
               "verse": 18,
               "text": "En el amor no hay temor; mas el perfecto amor echa fuera el temor; porque el temor tiene castigo. De donde el que teme, no es perfecto en el amor."
            },
            {
               "verse": 19,
               "text": "Nosotros le amamos a él, porque él primero nos amó."
            },
            {
               "verse": 20,
               "text": "Si alguno dice: Yo amo a Dios, y aborrece a su hermano, es mentiroso. Porque el que no ama a su hermano, al cual ha visto, ¿cómo puede amar a Dios, que no ha visto?"
            },
            {
               "verse": 21,
               "text": "Y nosotros tenemos este mandamiento de él: Que el que ama a Dios, ame también a su hermano."
            }
         ]
      },
      {
         "chapter": 5,
         "verses": [
            {
               "verse": 1,
               "text": "Todo aquel que cree que Jesús es el Cristo, es nacido de Dios; y cualquiera que ama al que ha engendrado, ama también al que es engendrado de él."
            },
            {
               "verse": 2,
               "text": "En esto conocemos que amamos a los hijos de Dios, cuando amamos a Dios, y guardamos sus mandamientos."
            },
            {
               "verse": 3,
               "text": "Porque éste es el amor de Dios, que guardemos sus mandamientos; y sus mandamientos no son graves."
            },
            {
               "verse": 4,
               "text": "Porque todo aquello que es nacido de Dios vence al mundo; y esta es la victoria que vence al mundo,  es a saber, nuestra fe."
            },
            {
               "verse": 5,
               "text": "¿Quién es el que vence al mundo, sino el que cree que Jesús es el Hijo de Dios?"
            },
            {
               "verse": 6,
               "text": "Este es Jesu Cristo, que vino por agua y sangre: no por agua solamente, sino por agua y sangre. Y el Espíritu es el que da testimonio; porque el Espíritu es la verdad."
            },
            {
               "verse": 7,
               "text": "Porque tres son los que dan testimonio en el cielo, el Padre, el Verbo, y el Espíritu Santo; y estos tres son uno."
            },
            {
               "verse": 8,
               "text": "También son tres los que dan testimonio en la tierra, el espíritu, y el agua, y la sangre; y estos tres son uno."
            },
            {
               "verse": 9,
               "text": "Si recibimos el testimonio de los hombres, el testimonio de Dios es mayor; porque éste es el testimonio de Dios, que ha testificado de su Hijo."
            },
            {
               "verse": 10,
               "text": "El que cree en el Hijo de Dios, tiene el testimonio en sí mismo. El que no cree a Dios, ha hecho mentiroso a Dios; porque no ha creído en el testimonio que Dios ha testificado de su Hijo."
            },
            {
               "verse": 11,
               "text": "Y éste es el testimonio,  es a saber, que Dios nos ha dado vida eterna, y  que esta vida está en su Hijo."
            },
            {
               "verse": 12,
               "text": "El que tiene al Hijo, tiene la vida; el que no tiene al Hijo de Dios, no tiene vida."
            },
            {
               "verse": 13,
               "text": "Yo he escrito estas cosas a vosotros que creeis en el nombre del Hijo de Dios; para que sepáis que tenéis vida eterna, y para que creáis en el nombre del Hijo de Dios."
            },
            {
               "verse": 14,
               "text": "Y esta es la confianza que tenemos en él, que si demandáremos alguna cosa conforme a su voluntad, él nos oye."
            },
            {
               "verse": 15,
               "text": "Y si sabemos que él nos oye  en cualquiera cosa que demandáremos,  también sabemos que tenemos las peticiones que le hubiéremos demandado."
            },
            {
               "verse": 16,
               "text": "Si alguno viere pecar a su hermano pecado  que no  es de muerte, demandará a  Dios, y él le dará vida;  digo a los que pecan no de muerte. Hay pecado de muerte: por el cual yo no digo que ruegues."
            },
            {
               "verse": 17,
               "text": "Toda iniquidad es pecado; empero hay pecado que no es de muerte."
            },
            {
               "verse": 18,
               "text": " Bien sabemos que cualquiera que es nacido de Dios, no peca; mas el que es engendrado de Dios, se guarda a sí mismo, y el maligno no le toca."
            },
            {
               "verse": 19,
               "text": "Sabido tenemos que somos de Dios, y todo el mundo está puesto en el maligno."
            },
            {
               "verse": 20,
               "text": "Empero sabemos que el Hijo de Dios es venido, y nos ha dado entendimiento, para conocer al que es verdadero; y estamos en el verdadero, en su Hijo Jesu Cristo. Este es el verdadero Dios, y la vida eterna."
            },
            {
               "verse": 21,
               "text": "Hijitos, guardáos de los ídolos. Amén."
            }
         ]
      }
   ]
}