{
   "book": "2 San Pedro",
   "chapters": [
      {
         "chapter": 1,
         "verses": [
            {
               "verse": 1,
               "text": "Simón Pedro, siervo y apóstol de Jesu Cristo, a los que han alcanzado fe igualmente preciosa con nosotros en la justicia de nuestro Dios y Salvador Jesu Cristo."
            },
            {
               "verse": 2,
               "text": "Gracia y paz os sean multiplicadas en el conocimiento de Dios, y de Jesús nuestro Señor:"
            },
            {
               "verse": 3,
               "text": "Como todas las cosas que  pertenecen a la vida y a la piedad, nos sean dadas de su divina potencia, por medio del conocimiento de aquel que nos ha llamado por  su gloria y virtud,"
            },
            {
               "verse": 4,
               "text": "Por las cuales nos son dadas preciosas y grandísimas promesas; para que por ellas fueseis hechos participantes de la naturaleza divina, habiendo huido de la corrupción que  está en el mundo por concupiscencia."
            },
            {
               "verse": 5,
               "text": "Vosotros también, poniendo toda diligencia en esto mismo, mostrád en vuestra fe virtud; y en la virtud ciencia;"
            },
            {
               "verse": 6,
               "text": "Y en la ciencia templaza; y en la templaza paciencia; y en la paciencia temor de Dios;"
            },
            {
               "verse": 7,
               "text": "Y en el temor de Dios amor hermanable; y en el amor hermanable caridad."
            },
            {
               "verse": 8,
               "text": "Porque si en vosotros hay estas cosas, y abundan, no os dejarán  estar ociosos, ni estériles en el conocimiento de nuestro Señor Jesu Cristo."
            },
            {
               "verse": 9,
               "text": "Empero el que no tiene estas cosas es ciego, y no puede ver de lejos, estando olvidado de la purgación de sus antiguos pecados."
            },
            {
               "verse": 10,
               "text": "Por lo cual, hermanos, tanto más trabajád de hacer firme vuestra vocación y elección; porque haciendo estas cosas, no caeréis jamás."
            },
            {
               "verse": 11,
               "text": "Porque de esta manera os será abundantemente administrada la entrada en el reino eterno de nuestro Señor y Salvador Jesu Cristo."
            },
            {
               "verse": 12,
               "text": "Por lo cual yo no me descuidaré de recordaros siempre estas cosas, aunque vosotros  las sepáis, y estéis confirmados en la verdad presente."
            },
            {
               "verse": 13,
               "text": "Porque tengo por justo, (en tanto que estoy en este tabernáculo,) de excitaros por medio de recordamientos:"
            },
            {
               "verse": 14,
               "text": "Sabiendo que brevemente tengo de dejar éste mi tabernáculo, como nuestro Señor Jesu Cristo me ha declarado."
            },
            {
               "verse": 15,
               "text": "También yo procuraré con diligencia, que después de mi fallecimiento vosotros podáis tener siempre memoria de estas cosas."
            },
            {
               "verse": 16,
               "text": "Porque nosotros no os habemos dado a conocer el poder y la venida de nuestro Señor Jesu Cristo, siguiendo fábulas por arte compuestas; sino como habiendo con nuestros propios ojos visto su majestad."
            },
            {
               "verse": 17,
               "text": "Porque él había recibido de Dios Padre honra y gloria, cuando una tal voz fue a él enviada de la magnífica gloria: Este es el amado Hijo mío, en el cual yo me he agradado."
            },
            {
               "verse": 18,
               "text": "Y nosotros oímos esta voz enviada del cielo, cuando estábamos  juntamente con él en el monte santo."
            },
            {
               "verse": 19,
               "text": "Tenemos también la palabra profética más firme: a la cual hacéis bien de estar atentos como a una candela que alumbra en un lugar oscuro, hasta que el día esclarezca, y el lucero de la mañana salga en vuestros corazones:"
            },
            {
               "verse": 20,
               "text": "Entendiendo primero esto, que ninguna profecía de la Escritura es de privado desatamiento."
            },
            {
               "verse": 21,
               "text": "Porque la profecía no fue en los tiempos pasados traída por voluntad humana; mas los santos hombres de Dios hablaron, siendo inspirados del Espíritu Santo."
            }
         ]
      },
      {
         "chapter": 2,
         "verses": [
            {
               "verse": 1,
               "text": "Empero hubo también falsos profetas entre el pueblo, así como habrá entre vosotros falsos enseñadores, que introducirán encubiertamente herejías de perdición, y negarán al Señor que los rescató, trayendo sobre sí mismos acelerada perdición."
            },
            {
               "verse": 2,
               "text": "Y muchos seguirán sus perdiciones: por los cuales el camino de la verdad será blasfemado;"
            },
            {
               "verse": 3,
               "text": "Y por avaricia harán mercadería de vosotros con palabras fingidas: sobre los cuales la condenación ya de largo tiempo no se tarda, y su perdición no se duerme."
            },
            {
               "verse": 4,
               "text": "Porque  ¿cómo escaparán ellos? pues no perdonó Dios a los ángeles que habían pecado, mas antes habiéndo los despeñado en el tártaro con cadenas de oscuridad,  los entregó para ser reservados al juicio;"
            },
            {
               "verse": 5,
               "text": "Y  pues no perdonó al mundo viejo, mas antes preservó a Noé, la octava  persona, pregonero de justicia, y trajo el diluvio al mundo de malvados;"
            },
            {
               "verse": 6,
               "text": "Y  si condenó por destrucción las ciudades de Sodoma, y de Gomorra, tornándolas en ceniza, y poniéndo las por ejemplo a los que habían de vivir impíamente;"
            },
            {
               "verse": 7,
               "text": "Y libró al justo Lot, el cual era perseguido de los abominables por la nefanda conversación de ellos:"
            },
            {
               "verse": 8,
               "text": "(Porque este justo de vista y de oídos, morando entre ellos, afligía cada día su alma justa con los hechos de aquellos injustos:)"
            },
            {
               "verse": 9,
               "text": "Sabe el Señor librar de tentación a los piadosos, y reservar a los injustos para ser atormentados en el día del juicio:"
            },
            {
               "verse": 10,
               "text": "Y principalmente aquellos, que siguiendo la carne, andan en concupiscencia de inmundicia, y menosprecian las potestades:  siendo atrevidos, contumaces, que no temen de decir mal de las dignidades:"
            },
            {
               "verse": 11,
               "text": "Como quiera que los  mismos ángeles, que son mayores en fuerza y en potencia, no pronuncian juicio de maldición contra ellas delante del Señor."
            },
            {
               "verse": 12,
               "text": "Mas estos diciendo mal de las cosas que no entienden, (como bestias brutas, que naturalmente son hechas para presa y destrucción,) perecerán enteramente en su propia corrupción,"
            },
            {
               "verse": 13,
               "text": "Recibiendo el galardón de  su injusticia, reputando por deleite poder gozar de deleites cada día:  estos son suciedades y manchas, los cuales comiendo con vosotros, juntamente se recrean en sus propios errores:"
            },
            {
               "verse": 14,
               "text": "Teniendo los ojos llenos de la adúltera, y no saben cesar de pecar: cebando las almas inconstantes, teniendo el corazón ejercitado en codicias,  siendo hijos de maldición:"
            },
            {
               "verse": 15,
               "text": "Que dejando el camino derecho han errado, habiendo seguido el camino de Balaam,  el hijo de Bosor, el cual amó el premio de la maldad;"
            },
            {
               "verse": 16,
               "text": "Mas recibió reprensión por su misma transgresión: la muda bestia, hablando en voz de hombre, refrenó la locura del profeta."
            },
            {
               "verse": 17,
               "text": "Estos son fuentes sin agua, nubes traídas de torbellino de viento; para los cuales está guardada eternamente la oscuridad de las tinieblas."
            },
            {
               "verse": 18,
               "text": "Porque hablando arrogantes  palabras de vanidad, ceban con las concupiscencias de la carne en disoluciones a los que verdaderamente habían huido de los que conversan en error:"
            },
            {
               "verse": 19,
               "text": "Prometiéndoles libertad, siendo ellos mismos siervos de corrupción. Porque el que es de alguno vencido, es sujeto a la servidumbre del que le venció."
            },
            {
               "verse": 20,
               "text": "Porque si habiéndose ellos apartado de las contaminaciones del mundo, por el conocimiento del Señor y Salvador Jesu Cristo, y otra vez envolviéndose en ellas, son vencidos, sus postrimerías les son hechas peores que los principios."
            },
            {
               "verse": 21,
               "text": "Por lo que mejor les hubiera sido no haber conocido el camino de la justicia, que después de haber lo conocido, tornarse atrás del santo mandamiento que les fue dado."
            },
            {
               "verse": 22,
               "text": "Empero les ha acontecido lo que por un verdadero proverbio se suele decir: El perro es vuelto a su vómito, y la puerca lavada  es tornada al revolcadero del cieno."
            }
         ]
      },
      {
         "chapter": 3,
         "verses": [
            {
               "verse": 1,
               "text": "Carísimos, yo os escribo ahora esta segunda carta, en las que despierto con exhortación vuestro limpio entendimiento:"
            },
            {
               "verse": 2,
               "text": "Para que tengáis memoria de las palabras que antes han sido dichas por los santos profetas, y de nuestro mandamiento, que somos apóstoles del Señor y Salvador:"
            },
            {
               "verse": 3,
               "text": "Sabiendo primero esto, que en los postrimeros días vendrán burladores, andando según sus propias concupiscencias,"
            },
            {
               "verse": 4,
               "text": "Y diciendo: ¿En dónde está la promesa del advenimiento de él? Porque desde  el tiempo en que los padres se durmieron, todas las cosas perseveran  así como desde el principio de la creación."
            },
            {
               "verse": 5,
               "text": "Porque ellos ignoran esto voluntariamente, que los cielos fueron en el tiempo antiguo, y la tierra que por agua y en agua está asentada por la palabra de Dios:"
            },
            {
               "verse": 6,
               "text": "Por lo cual el mundo de entonces pereció anegado por agua."
            },
            {
               "verse": 7,
               "text": "Empero los cielos que son ahora, y la tierra, son conservados por la misma palabra, guardados para el fuego en el día del juicio, y de la perdición de los hombres impíos."
            },
            {
               "verse": 8,
               "text": "Mas,  oh amados, no ignoréis una cosa,  y es, que un día delante del Señor  es como mil años, y mil años  son como un día."
            },
            {
               "verse": 9,
               "text": "El Señor no tarda su promesa, como algunos la tienen por tardanza; empero es paciente para con nosotros, no deseando que ninguno perezca, sino que todos vengan al arrepentimiento."
            },
            {
               "verse": 10,
               "text": "Mas el día del Señor vendrá como ladrón en la noche, en el cual los cielos pasarán con grande estruendo, y los elementos ardiendo serán deshechos, y la tierra, y las obras que en ella  haya, serán enteramente quemadas."
            },
            {
               "verse": 11,
               "text": "Pues como  sea así que todas estas cosas han de ser deshechas, ¿qué tales conviene que vosotros seáis en santo proceder y  en piedades,"
            },
            {
               "verse": 12,
               "text": "Esperando, y apresurándoos para el advenimiento del día de Dios, en el cual los cielos siendo encendidos, serán deshechos, y los elementos siendo abrasados, se fundirán?"
            },
            {
               "verse": 13,
               "text": "Pero esperamos cielos nuevos, y tierra nueva, según sus promesas, en los cuales mora la justicia."
            },
            {
               "verse": 14,
               "text": "Por lo cual,  oh amados, estando en esperanza de estás cosas, procurád con diligencia que seáis de él hallados sin mácula, y sin reprensión en paz."
            },
            {
               "verse": 15,
               "text": "Y tenéd por cierto  que la larga paciencia de nuestro Señor  es para salud,  así como también nuestro amado hermano Pablo, según la sabiduría que le ha sido dada, os ha escrito;"
            },
            {
               "verse": 16,
               "text": "Como también en todas  sus epístolas hablando en ellas de estas cosas; entre las cuales hay algunas difíciles de entender, las cuales los indoctos e inconstantes tuercen, como también las otras Escrituras, para perdición de sí mismos."
            },
            {
               "verse": 17,
               "text": "Así que vosotros,  oh amados, pues estáis amonestados, guardáos que por el error de los abominables no seáis juntamente con los otros engañados, y caigáis de vuestra propia firmeza."
            },
            {
               "verse": 18,
               "text": "Mas crecéd en la gracia, y  en el conocimiento de nuestro Señor y Salvador Jesu Cristo. A él  sea gloria ahora, y hasta el día de la eternidad. Amén."
            }
         ]
      }
   ]
}