{
   "book": "2 Tesalonicenses",
   "chapters": [
      {
         "chapter": 1,
         "verses": [
            {
               "verse": 1,
               "text": "Pablo, y Silvano, y Timoteo, a la iglesia de los Tesalonicenses  que es en Dios el Padre nuestro, y en el Señor Jesu Cristo."
            },
            {
               "verse": 2,
               "text": "Gracia a vosotros y paz de Dios nuestro Padre, y del Señor Jesu Cristo."
            },
            {
               "verse": 3,
               "text": "Debemos siempre dar gracias a Dios por vosotros, hermanos, como es digno, de que vuestra fe va en grande crecimiento, y el amor de cada uno de todos vosotros abunda más y más entre vosotros:"
            },
            {
               "verse": 4,
               "text": "Tanto, que nosotros mismos nos gloriamos de vosotros en las iglesias de Dios, de vuestra paciencia y fe en todas vuestras persecuciones y tribulaciones que sufrís,"
            },
            {
               "verse": 5,
               "text": "En testimonio del justo juicio de Dios, para que seáis tenidos por dignos del reino de Dios, por el cual asimismo padecéis;"
            },
            {
               "verse": 6,
               "text": "Como  es justo para con Dios, pagar con tribulación a los que os atribulan;"
            },
            {
               "verse": 7,
               "text": "Y a vosotros, que sois atribulados,  daros reposo juntamente con nosotros, cuando se manifestará el Señor Jesús desde el cielo con los ángeles de su poder,"
            },
            {
               "verse": 8,
               "text": "En fuego de llama, para dar el pago a los que no conocieron a Dios, ni obedecen al evangelio del Señor nuestro Jesu Cristo:"
            },
            {
               "verse": 9,
               "text": "Los cuales serán castigados con eterna perdición  procedente de la presencia del Señor, y de la gloria de su poder;"
            },
            {
               "verse": 10,
               "text": "Cuando viniere para ser glorificado en sus santos, y a hacerse de admirar, en aquel día, en todos los que creyeron: por cuanto nuestro testimonio ha sido creído entre vosotros."
            },
            {
               "verse": 11,
               "text": "Por lo cual asimismo oramos siempre por vosotros, que nuestro Dios os repute dignos de  su vocación, y cumpla toda la buena complacencia de  su bondad, y la obra de fe con poder;"
            },
            {
               "verse": 12,
               "text": "Para que el nombre de nuestro Señor Jesu Cristo sea glorificado en vosotros, y vosotros en él, por la gracia de nuestro Dios, y del Señor Jesu Cristo."
            }
         ]
      },
      {
         "chapter": 2,
         "verses": [
            {
               "verse": 1,
               "text": "Os rogamos, pues, hermanos, por la venida de nuestro Señor Jesu Cristo, y  por nuestro allegamiento a él,"
            },
            {
               "verse": 2,
               "text": "Que no seáis conmovidos prestamente de  vuestra firmeza de ánimo, ni seáis alborotados ni por espíritu, ni por palabra, ni por carta como de nuestra parte, como que el día de Cristo esté cerca."
            },
            {
               "verse": 3,
               "text": "No os engañe nadie en manera alguna; porque  no vendrá aquel día, sin que venga antes la apostasía, y se manifieste el hombre de pecado, el hijo de perdición;"
            },
            {
               "verse": 4,
               "text": "El que se opone, y se levanta sobre todo lo que se llama Dios, o es adorado; tanto que, como Dios, se asiente en el templo de Dios, haciéndose parecer Dios."
            },
            {
               "verse": 5,
               "text": "¿No os acordáis que, cuando estaba con vosotros, os decía esto?"
            },
            {
               "verse": 6,
               "text": "Y vosotros sabéis qué  es lo que le impida ahora, para que a su tiempo se manifieste."
            },
            {
               "verse": 7,
               "text": "Porque ya se obra el misterio de iniquidad: solamente que el que ahora impide,  impedirá hasta que sea quitado de en medio."
            },
            {
               "verse": 8,
               "text": "Y entonces será manifestado aquel inicuo, al cual el Señor matará con el espíritu de su boca, y destruirá con la claridad de su venida:"
            },
            {
               "verse": 9,
               "text": " A aquel cuya venida será según la operación de Satanás, con toda potencia, y señales, y milagros mentirosos,"
            },
            {
               "verse": 10,
               "text": "Y con todo engaño de iniquidad  obrando en los que perecen: por cuanto no recibieron el amor de la verdad para ser salvos."
            },
            {
               "verse": 11,
               "text": "Por tanto, pues, enviará Dios en ellos eficacia de engaño, para que crean a la mentira:"
            },
            {
               "verse": 12,
               "text": "Para que sean condenados todos los que no creyeron a la verdad, antes se complacieron en la iniquidad."
            },
            {
               "verse": 13,
               "text": "Mas nosotros debemos siempre dar gracias a Dios por vosotros, hermanos, amados del Señor, de que Dios os haya escogido, desde el principio, para salud, por medio de la santificación del Espíritu, y la fe de la verdad:"
            },
            {
               "verse": 14,
               "text": "A lo cual os llamó por nuestro evangelio para alcanzar la gloria de nuestro Señor Jesu Cristo."
            },
            {
               "verse": 15,
               "text": "Así que, hermanos, estád firmes, y retenéd las tradiciones que habéis aprendido, sea por palabra, o por carta nuestra."
            },
            {
               "verse": 16,
               "text": "Y el mismo Señor nuestro Jesu Cristo, y Dios y Padre nuestro, el cual nos amó, y  nos dio consolación eterna, y buena esperanza por la gracia,"
            },
            {
               "verse": 17,
               "text": "Consuele vuestros corazones, y os confirme en toda buena palabra y obra."
            }
         ]
      },
      {
         "chapter": 3,
         "verses": [
            {
               "verse": 1,
               "text": "En fin, hermanos, orád por nosotros, que la palabra del Señor corra  libremente, y sea glorificada, así como  lo es entre vosotros:"
            },
            {
               "verse": 2,
               "text": "Y que seamos librados de hombres perversos y malos; porque no todos tienen fe."
            },
            {
               "verse": 3,
               "text": "Mas fiel es el Señor que os confirmará, y  os guardará de mal."
            },
            {
               "verse": 4,
               "text": "Y tenemos confianza de vosotros en el Señor, que hacéis y haréis lo que os hemos mandado."
            },
            {
               "verse": 5,
               "text": "El Señor enderece vuestros corazones en el amor de Dios, y en la paciencia de Cristo."
            },
            {
               "verse": 6,
               "text": "¶ Os denunciamos empero, hermanos, en el nombre de nuestro Señor Jesu Cristo, que os apartéis de todo hermano que anduviere fuera de orden, y no conforme a la tradición que recibió de nosotros;"
            },
            {
               "verse": 7,
               "text": "Porque vosotros sabéis de qué manera es menester imitarnos; porque no nos hubimos desordenadamente entre vosotros:"
            },
            {
               "verse": 8,
               "text": "Ni comimos de balde el pan de nadie; antes trabajamos con trabajo y fatiga de noche y de día, por no ser gravosos a ninguno de vosotros."
            },
            {
               "verse": 9,
               "text": "No porque no tuviésemos potestad, mas por darnos a vosotros por dechado, para que nos imitaseis."
            },
            {
               "verse": 10,
               "text": "Porque aun estando con vosotros os denunciábamos esto: Que si alguno no quisiere trabajar, tampoco coma."
            },
            {
               "verse": 11,
               "text": "Porque oímos que andan algunos entre vosotros fuera de orden, no ocupándose en cosa alguna, sino en indagar lo que no les importa."
            },
            {
               "verse": 12,
               "text": "Y a los que son tales, mandámosles y rogámosles por nuestro Señor Jesu Cristo, que trabajando con silencio coman su propio pan."
            },
            {
               "verse": 13,
               "text": "Mas vosotros, hermanos, no desfallezcáis en bien hacer."
            },
            {
               "verse": 14,
               "text": "Y si alguno no obedeciere a nuestra palabra por esta epístola, notád al tal, y no le tratéis para que se avergüence."
            },
            {
               "verse": 15,
               "text": "Empero no  le tengáis como a enemigo, sino amonestádle como a hermano."
            },
            {
               "verse": 16,
               "text": "Y el mismo Señor de paz os dé siempre paz de toda manera. El Señor  sea con todos vosotros."
            },
            {
               "verse": 17,
               "text": "La salutación de mi propia mano, de Pablo, que es  mi signo en todas  mis cartas. Así yo escribo."
            },
            {
               "verse": 18,
               "text": "La gracia del Señor nuestro Jesu Cristo  sea con todos vosotros. Amén."
            }
         ]
      }
   ]
}