{
   "book": "Daniel",
   "chapters": [
      {
         "chapter": 1,
         "verses": [
            {
               "verse": 1,
               "text": "En el año tercero del reino de Joacim, rey de Judá, vino Nabucodonosor, rey de Babilonia, a Jerusalem, y cercóla."
            },
            {
               "verse": 2,
               "text": "Y el Señor entregó en sus manos a Joacim, rey de Judá, y parte de los vasos de la casa de Dios, y trájolos a tierra de Sennaar a la casa de su dios; y metió los vasos en la casa del tesoro de su dios."
            },
            {
               "verse": 3,
               "text": "Y dijo el rey a Aspenez príncipe de sus eunucos, que trajese de los hijos de Israel, del linaje real, y de los príncipes;"
            },
            {
               "verse": 4,
               "text": "Muchachos en quien no hubiese alguna mácula, y de buen parecer, y enseñados en toda sabiduría, y sabios en ciencia, y de buen entendimiento, y que tuviesen fuerzas para estar en el palacio del rey, y que les enseñase las letras y la lengua de los Caldeos."
            },
            {
               "verse": 5,
               "text": "Y señalóles el rey ración para cada día, de la ración de la comida del rey, y del vino de su beber; que los criase tres años, para que al fin de ellos estuviesen delante del rey."
            },
            {
               "verse": 6,
               "text": "Y fueron entre ellos de los hijos de Judá, Daniel, Ananías, Misael, y Azarías:"
            },
            {
               "verse": 7,
               "text": "A los cuales el príncipe de los eunucos puso nombres. Y puso a Daniel, Baltasar; y a Ananías, Sidrac; y a Misael, Misac; y a Azarías, Abdenago."
            },
            {
               "verse": 8,
               "text": "Y Daniel propuso en su corazón de no contaminarse en la ración de la comida del rey, y en el vino de su beber; y pidió al príncipe de los eunucos de no se contaminar."
            },
            {
               "verse": 9,
               "text": "(Y puso Dios a Daniel en gracia, y en buena voluntad con el príncipe de los eunucos.)"
            },
            {
               "verse": 10,
               "text": "Y dijo el príncipe de los eunucos a Daniel: Tengo temor de mi señor el rey, que señaló vuestra comida, y vuestra bebida: el cual porque verá vuestros rostros más tristes que los de los muchachos que son semejantes a vosotros, condenaréis para con el rey mi cabeza."
            },
            {
               "verse": 11,
               "text": "Y Daniel dijo a Malasar, que era señalado por el príncipe de los eunucos sobre Daniel, Ananías, Misael, y Azarías:"
            },
            {
               "verse": 12,
               "text": "Prueba,  yo te ruego, tus siervos diez días, y dénnos de las legumbres a comer, y agua a beber:"
            },
            {
               "verse": 13,
               "text": "Y parezcan delante de ti nuestros rostros, y los rostros de los muchachos que comen de la ración de la comida del rey, y según que vieres, harás con tus siervos."
            },
            {
               "verse": 14,
               "text": "Consintió pues con ellos en esto, y probó con ellos diez días."
            },
            {
               "verse": 15,
               "text": "Y al cabo de los diez días pareció el rostro de ellos mejor, y más gordo de carne que los otros muchachos, que comían de la ración de la comida del rey."
            },
            {
               "verse": 16,
               "text": "Y fue, que Malasar tomaba la ración de la comida de ellos, y el vino de su beber, y dábales legumbres."
            },
            {
               "verse": 17,
               "text": "Y a estos cuatro muchachos dióles Dios conocimiento, e inteligencia en todas letras y ciencia: mas Daniel tuvo entendimiento en toda visión y sueños."
            },
            {
               "verse": 18,
               "text": "Pasados pues los días al fin de los cuales dijo el rey que los trajesen, el príncipe de los eunucos los trajo delante de Nabucodonosor."
            },
            {
               "verse": 19,
               "text": "Y el rey habló con ellos, y no fue hallado entre todos ellos otro como Daniel, Ananías, Misael, y Azarías; y estuvieron delante del rey."
            },
            {
               "verse": 20,
               "text": "Y en todo negocio de sabiduría e inteligencia que el rey les demandó, los halló diez veces sobre todos los magos y astrólogos que había en todo su reino."
            },
            {
               "verse": 21,
               "text": "Y fue Daniel hasta el año primero del rey Ciro."
            }
         ]
      },
      {
         "chapter": 2,
         "verses": [
            {
               "verse": 1,
               "text": "Y en el segundo año del reino de Nabucodonosor, soñó Nabucodonosor sueños, y su espíritu se quebrantó, y su sueño se huyó de él."
            },
            {
               "verse": 2,
               "text": "Y mandó el rey llamar magos, astrólogos, y encantadores, y Caldeos, para que enseñasen al rey sus sueños: los cuales vinieron, y se presentaron delante del rey."
            },
            {
               "verse": 3,
               "text": "Y el rey les dijo: He soñado  un sueño, y mi espíritu se ha quebrantado por saber el sueño."
            },
            {
               "verse": 4,
               "text": "Y los Caldeos hablaron al rey en Siriaco: Rey, para siempre vive: Di el sueño a tus siervos, y mostraremos la declaración."
            },
            {
               "verse": 5,
               "text": "El rey respondió, y dijo a los Caldeos: El negocio se me fue  de la memoria: si no me mostráis el sueño y su declaración, seréis hechos cuartos, y vuestras casas serán puestas por muladares."
            },
            {
               "verse": 6,
               "text": "Y si mostrareis el sueño y su declaración, recibiréis de mí dones, y mercedes, y grande honra: por tanto mostrádme el sueño, y su declaración."
            },
            {
               "verse": 7,
               "text": "Respondieron la segunda vez, y dijeron: Diga el rey el sueño a sus siervos, y mostraremos su declaración."
            },
            {
               "verse": 8,
               "text": "El rey respondió, y dijo: Yo conozco ciertamente que vosotros ponéis dilaciones, porque veis que el negocio se me ha ido  de la memoria."
            },
            {
               "verse": 9,
               "text": "Si no me mostráis el sueño, una sola sentencia será de vosotros. Ciertamente respuesta mentirosa y perversa que decir delante de mí aparejáis vosotros, entre tanto que se muda el tiempo: por tanto decídme el sueño, para que  yo entienda que me podéis mostrar su declaración."
            },
            {
               "verse": 10,
               "text": "Los Caldeos respondieron delante del rey, y dijeron: No hay hombre sobre la tierra que pueda declarar el negocio del rey: además de esto, ningún rey, príncipe, ni señor preguntó cosa semejante a ningún mago, ni astrólogo, ni Caldeo."
            },
            {
               "verse": 11,
               "text": "Finalmente el negocio que el rey demanda es singular, ni hay quien lo pueda declarar delante del rey, salvo los dioses, cuya morada no es con la carne."
            },
            {
               "verse": 12,
               "text": "Por esto el rey con ira y con grande enojo mandó que matasen a todos los sabios de Babilonia."
            },
            {
               "verse": 13,
               "text": "Y el mandamiento se publicó, y los sabios eran llevados a la muerte; y buscaron a Daniel, y a sus compañeros para matarlos."
            },
            {
               "verse": 14,
               "text": "Entonces Daniel habló avisada y prudentemente a Arioc, capitán de los de la guarda del rey, que había salido para matar los sabios de Babilonia."
            },
            {
               "verse": 15,
               "text": "Habló, y dijo a Arioc, capitán del rey: ¿Qué es la causa que este mandamiento se publica de parte del rey tan apresuradamente? Entonces Arioc declaró el negocio a Daniel."
            },
            {
               "verse": 16,
               "text": "Y Daniel entró, y pidió al rey que le diese tiempo, y que él mostraría al rey la declaración."
            },
            {
               "verse": 17,
               "text": "Entonces Daniel se fue a su casa; y declaró el negocio a Ananías, Misael, y Azarías sus compañeros;"
            },
            {
               "verse": 18,
               "text": "Para demandar misericordias del Dios del cielo sobre este misterio, y que Daniel y sus compañeros no pereciesen con los otros sabios de Babilonia."
            },
            {
               "verse": 19,
               "text": "Entonces el misterio fue revelado a Daniel en visión de noche: por lo cual Daniel bendijo al Dios del cielo;"
            },
            {
               "verse": 20,
               "text": "Y Daniel habló, y dijo: Sea bendito el nombre de Dios de siglo hasta siglo; porque suya es la sabiduría y la fortaleza."
            },
            {
               "verse": 21,
               "text": "Y él es el que muda los tiempos, y las oportunidades: quita reyes, y pone reyes: da la sabiduría a los sabios, y la ciencia a los entendidos:"
            },
            {
               "verse": 22,
               "text": "El revela lo profundo y lo escondido: conoce lo que está en tinieblas, y la luz mora con él."
            },
            {
               "verse": 23,
               "text": "A ti, o! Dios de mis padres, te doy las gracias, y te alabo, que me diste sabiduría y fortaleza; y ahora me enseñaste lo que te pedimos, porque nos enseñaste el negocio del rey."
            },
            {
               "verse": 24,
               "text": "Después de esto Daniel entró a Arioc, al cual el rey había puesto para matar a los sabios de Babilonia: fue y díjole así: No mates los sabios de Babilonia: méteme delante del rey, que  yo mostraré al rey la declaración."
            },
            {
               "verse": 25,
               "text": "Entonces Arioc metió prestamente a Daniel delante del rey, y díjole así: Un varón de los trasportados de Judá he hallado, el cual declarará al rey la interpretación."
            },
            {
               "verse": 26,
               "text": "Respondió el rey, y dijo a Daniel, (al cual llamaban Baltasar:) ¿Podrás tú hacerme entender el sueño que ví, y su declaración?"
            },
            {
               "verse": 27,
               "text": "Daniel respondió delante del rey, y dijo: El misterio que el rey demanda, ni sabios, ni astrólogos, ni magos, ni adivinos lo pueden enseñar al rey."
            },
            {
               "verse": 28,
               "text": "Mas hay  un Dios en los cielos el cual revela los misterios; y él ha hecho saber al rey Nabucodonosor lo que ha de acontecer a cabo de días. Tu sueño, y las visiones de tu cabeza sobre tu cama, es esto:"
            },
            {
               "verse": 29,
               "text": "Tú, o! rey, en tu cama, tus pensamientos subieron por saber lo que había de ser en lo porvenir; y el que revela los misterios, te mostró lo que ha de ser."
            },
            {
               "verse": 30,
               "text": "Y a mí, no por la sabiduría que en mí hay más que en todos los vivientes, ha sido revelado este misterio, mas para que  yo notifique al rey la declaración, y que entendieses los pensamientos de tu corazón."
            },
            {
               "verse": 31,
               "text": "Tú, o! rey, veías, y he aquí una grande imagen. Esta imagen, que era muy grande, y cuya gloria era muy sublime, estaba en pie delante de ti, y su vista  era terrible."
            },
            {
               "verse": 32,
               "text": "La cabeza de esta imagen era de fino oro: sus pechos y sus brazos de plata: su vientre y sus muslos de metal:"
            },
            {
               "verse": 33,
               "text": "Sus piernas de hierro: sus pies en parte de hierro, y en parte de barro cocido."
            },
            {
               "verse": 34,
               "text": "Estabas mirando, hasta que una piedra fue cortada, no con manos, la cual hirió a la imagen en sus pies de hierro y de barro cocido, y los desmenuzó."
            },
            {
               "verse": 35,
               "text": "Entonces fue también desmenuzado el hierro, el barro cocido, el metal, la plata, y el oro, y se tornaron como tamo de las eras del verano; y levantólos el viento, y nunca más se les halló lugar. Mas la piedra que hirió a la imagen, fue hecha un gran monte, que hinchió toda la tierra."
            },
            {
               "verse": 36,
               "text": "¶ Este  es el sueño: la declaración de él diremos también en la presencia del rey."
            },
            {
               "verse": 37,
               "text": "Tú, o! rey, eres rey de reyes; porque el Dios del cielo te ha dado el reino, la potencia, y la fortaleza, y la majestad."
            },
            {
               "verse": 38,
               "text": "Y todo lo que habitan hijos de hombres, bestias del campo, y aves del cielo, ha entregado en tu mano; y te ha hecho enseñorear sobre todo ello: tú  eres aquella cabeza de oro."
            },
            {
               "verse": 39,
               "text": "Y después de ti se levantará otro reino menor que tú; y otro tercero reino de metal, el cual se enseñoreará de toda la tierra."
            },
            {
               "verse": 40,
               "text": "Y el reino cuarto será fuerte como hierro; y como el hierro desmenuza, y doma todas las cosas, y como el hierro que quebranta todas estas cosas, desmenuzará y quebrantará."
            },
            {
               "verse": 41,
               "text": "Y lo que viste los pies y los dedos en parte de barro cocido de ollero, y en parte de hierro, el reino será diviso, y habrá en él  algo de fortaleza de hierro, de la manera que viste el hierro mezclado con el tiesto de barro."
            },
            {
               "verse": 42,
               "text": "Y los dedos de los pies en parte de hierro, y en parte de barro cocido, en parte el reino será fuerte, y en parte será frágil."
            },
            {
               "verse": 43,
               "text": "Cuanto a lo que viste el hierro mezclado con tiesto de barro, mezclarse han con simiente humana: mas no se pegarán el uno con el otro, como el hierro no se mezcla con el tiesto."
            },
            {
               "verse": 44,
               "text": "Mas en los días de estos reyes el Dios del cielo levantará un reino que eternalmente no se corromperá; y este reino no será dejado a otro pueblo:  el cual desmenuzará, y consumirá todos estos reinos, y él permanecerá para siempre."
            },
            {
               "verse": 45,
               "text": "De la manera que viste que del monte fue cortada una piedra, que no con manos, desmenuzó al hierro, al metal, al tiesto, a la plata, y al oro, el Dios grande mostró al rey lo que ha de acontecer en lo porvenir. Y el sueño es verdadero, y fiel su declaración."
            },
            {
               "verse": 46,
               "text": "Entonces el rey Nabucodonosor cayó sobre su rostro, y humillóse a Daniel, y mandó que le sacrificasen presentes y perfumes."
            },
            {
               "verse": 47,
               "text": "El rey habló a Daniel, y dijo: Ciertamente que el Dios vuestro es Dios de dioses, y el Señor de los reyes, y el descubridor de los misterios, pues pudiste revelar este misterio."
            },
            {
               "verse": 48,
               "text": "Entonces el rey magnificó a Daniel, y le dio muchos y grandes dones, y púsole por gobernador de toda la provincia de Babilonia, y por príncipe de los gobernadores sobre todos los sabios de Babilonia."
            },
            {
               "verse": 49,
               "text": "Y Daniel demandó del rey, y él puso sobre los negocios de la provincia de Babilonia a Sidrac, Misac, y Abdenago: y Daniel a la puerta del rey."
            }
         ]
      },
      {
         "chapter": 3,
         "verses": [
            {
               "verse": 1,
               "text": "El rey Nabucodonosor hizo una estatua de oro, la altura de la cual era de sesenta codos, su anchura de seis codos: levantóla en el campo de Dura, en la provincia de Babilonia."
            },
            {
               "verse": 2,
               "text": "Y envió el rey Nabucodonosor a juntar los grandes, los asistentes y capitanes: oidores, receptores, los del consejo, presidentes, y a todos los gobernadores de las provincias, para que viniesen a la dedicación de la estatua, que el rey Nabucodonosor había levantado."
            },
            {
               "verse": 3,
               "text": "Y fueron congregados los grandes, los asistentes, y capitanes, los oidores, receptores, los del consejo, los presidentes, y todos los gobernadores de las provincias, a la dedicación de la estatua que el rey Nabucodonosor había levantado; y estaban en pie delante de la estatua que había levantado el rey Nabucodonosor."
            },
            {
               "verse": 4,
               "text": "Y el pregonero pregonaba a alta voz: Mándase a vosotros, pueblos, naciones, y lenguajes:"
            },
            {
               "verse": 5,
               "text": "En oyendo el son de la bocina, del pífano, del atambor, de la arpa, del salterio, de la sinfonía, y de todo instrumento músico, os postraréis, y adoraréis la estatua de oro que el rey Nabucodonosor ha levantado."
            },
            {
               "verse": 6,
               "text": "Y cualquiera que no se prostrare, y  la adorare, en la misma hora será echado dentro del horno de fuego ardiendo."
            },
            {
               "verse": 7,
               "text": "Por lo cual en oyendo todos los pueblos el son de la bocina, del pífano, del atambor, de la arpa, del salterio, de la sinfonía, y de todo instrumento músico, todos los pueblos, naciones, y lenguajes se postraron, y adoraron la estatua de oro que el rey Nabucodonosor había levantado."
            },
            {
               "verse": 8,
               "text": "Por esto en el mismo tiempo  algunos varones Caldeos se llegaron, y denunciaron de los Judíos:"
            },
            {
               "verse": 9,
               "text": "Hablando, y diciendo al rey Nabucodonosor: Rey, para siempre vive."
            },
            {
               "verse": 10,
               "text": "Tú, o! rey, pusiste ley, que todo hombre en oyendo el son de la bocina, del pífano, del atambor, de la arpa, del salterio, de la sinfonía, y de todo instrumento músico, se postrase y adorase la estatua de oro:"
            },
            {
               "verse": 11,
               "text": "Y el que no se postrase, y  la adorase, fuese echado dentro del horno de fuego ardiendo."
            },
            {
               "verse": 12,
               "text": "Hay  unos varones Judíos, los cuales  tú pusiste sobre los negocios de la provincia de Babilonia, Sidrac, Misac, y Abdenago: estos varones, o! rey, no han hecho cuenta de ti: no adoran tus dioses, no adoran la estatua de oro, que tú levantaste."
            },
            {
               "verse": 13,
               "text": "Entonces Nabucodonosor dijo con ira y con enojo, que trajesen a Sidrac, Misac, y Abdenago: luego estos varones fueron traídos delante del rey."
            },
            {
               "verse": 14,
               "text": "Habló Nabucodonosor, y díjoles: ¿Es verdad, Sidrac, Misac, y Abdenago, que vosotros no honráis a mi dios, ni adoráis la estatua de oro que  yo levanté?"
            },
            {
               "verse": 15,
               "text": "Ahora pues, ¿estáis prestos para que en oyendo el son de la bocina, del pífano, del atambor, de la arpa, del salterio, de la sinfonía, y de todo instrumento músico, os postréis, y adoréis la estatua que  yo hice? Porque si no la adorareis, en la misma hora seréis echados en medio del horno de fuego ardiendo: ¿Y qué dios  será aquel que os libre de mis manos?"
            },
            {
               "verse": 16,
               "text": "Sidrac, Misac, y Abdenago respondieron, y dijeron al rey Nabucodonosor: No curamos de responderte sobre este negocio."
            },
            {
               "verse": 17,
               "text": "He aquí nuestro Dios, a quien honramos, puede librarnos del horno de fuego ardiendo; y de tu mano, o! rey, nos librará."
            },
            {
               "verse": 18,
               "text": "Y si no: sepas, o! rey, que tu dios no adoraremos, y la estatua que  tú levantaste no honraremos."
            },
            {
               "verse": 19,
               "text": "Entonces Nabucodonosor fue lleno de ira, y la figura de su rostro se demudó sobre Sidrac, Misac, y Abdenago: habló, y mandó que el horno se encendiese siete veces tanto de lo que cada vez solía."
            },
            {
               "verse": 20,
               "text": "Y mandó a hombres valientes en fuerza que estaban en su ejército, que atasen a Sidrac, Misac, y Abdenago, para echarlos en el horno de fuego ardiendo."
            },
            {
               "verse": 21,
               "text": "Entonces estos varones fueron atados con sus mantos, y sus calzas, y sus turbantes, y sus vestidos, y fueron echados dentro del horno de fuego ardiendo."
            },
            {
               "verse": 22,
               "text": "Porque la palabra del rey daba priesa, y había procurado que se encendiese mucho. La llama del fuego mató a aquellos hombres que habían alzado a Sidrac, Misac, y Abdenago."
            },
            {
               "verse": 23,
               "text": "Y estos tres varones Sidrac, Misac, y Abdenago cayeron atados dentro del horno de fuego ardiendo."
            },
            {
               "verse": 24,
               "text": "¶ Entonces el rey Nabucodonosor se espantó, y se levantó apriesa, y habló, y dijo a los de su consejo: ¿No echamos tres varones atados dentro del fuego? Ellos respondieron, y dijeron al rey: Es verdad, o! rey."
            },
            {
               "verse": 25,
               "text": "Respondió, y dijo: He aquí que yo veo cuatro varones sueltos, que se pasean en medio del fuego; y ningún daño hay en ellos; y el parecer del cuarto  es semejante a hijo de Dios."
            },
            {
               "verse": 26,
               "text": "Entonces allegóse Nabucodonosor a la puerta del horno de fuego ardiendo, y habló, y dijo: Sidrac, Misac, y Abdenago, siervos del Alto Dios, salíd, y veníd. Entonces Sidrac, Misac, y Abdenago salieron de en medio del fuego."
            },
            {
               "verse": 27,
               "text": "Y juntáronse los grandes, los gobernadores, y los capitanes, y los del consejo del rey para mirar estos varones, como el fuego no se enseñoreó de sus cuerpos: ni cabello de sus cabezas fue quemado, ni sus ropas se mudaron, ni olor de fuego pasó por ellos."
            },
            {
               "verse": 28,
               "text": "Nabucodonosor habló, y dijo: Bendito el Dios de ellos, de Sidrac, Misac, y Abdenago, que envió su ángel, y libró sus siervos que esperaron en él, y el mandamiento del rey mudaron, y entregaron sus cuerpos antes que sirviesen ni adorasen otro dios que su Dios."
            },
            {
               "verse": 29,
               "text": "Por mí pues se pone decreto, que todo pueblo, nación, o lenguaje que dijere blasfemia contra el Dios de Sidrac, Misac, y Abdenago, sea descuartizado, y su casa sea puesta por muladar; por cuanto no hay Dios que pueda librar como este."
            },
            {
               "verse": 30,
               "text": "Entonces el rey ennobleció a Sidrac, Misac, y Abdenago en la provincia de Babilonia."
            }
         ]
      },
      {
         "chapter": 4,
         "verses": [
            {
               "verse": 1,
               "text": "Nabucodonosor rey a todos los pueblos, naciones, y lenguajes que moran en toda la tierra, paz os sea multiplicada."
            },
            {
               "verse": 2,
               "text": "Las señales y milagros que el Alto Dios ha hecho conmigo, conviene que  yo las publique."
            },
            {
               "verse": 3,
               "text": "¿Cuán grandes son sus señales, y cuán fuertes sus maravillas? Su reino, reino sempiterno, y su señorío hasta generación y generación."
            },
            {
               "verse": 4,
               "text": "Yo Nabucodonosor estaba quieto en mi casa, y florido en mi palacio."
            },
            {
               "verse": 5,
               "text": "Ví un sueño que me espantó; y las imaginaciones y visiones de mi cabeza me turbaron en mi cama."
            },
            {
               "verse": 6,
               "text": "Por lo cual yo puse mandamiento para hacer venir delante de mí todos los sabios de Babilonia, que me mostrasen la declaración del sueño."
            },
            {
               "verse": 7,
               "text": "Y vinieron magos, astrólogos, Caldeos, y adivinos, y dije el sueño delante de ellos: mas nunca me mostraron su declaración:"
            },
            {
               "verse": 8,
               "text": "Hasta tanto que entró delante de mí Daniel, cuyo nombre es Baltasar, como el nombre de mi Dios, y en el cual hay espíritu de los dioses santos; y dije el sueño delante de él,  diciendo:"
            },
            {
               "verse": 9,
               "text": "Baltasar, príncipe de los magos,  yo he entendido que hay en ti espíritu de los dioses santos, y que ningún misterio se te esconde; díme las visiones de mi sueño que he visto, y su declaración."
            },
            {
               "verse": 10,
               "text": "Las visiones de mi cabeza en mi cama,  eran: Parecíame que veía un árbol en medio de la tierra cuya altura era grande."
            },
            {
               "verse": 11,
               "text": "Crecía este árbol, y hacíase fuerte, y su altura llegaba hasta el cielo; y su vista hasta el cabo de toda la tierra."
            },
            {
               "verse": 12,
               "text": "Su copa  era hermosa, y su fruto en abundancia, y para todos  había en él mantenimiento. Debajo de él se ponían a la sombra las bestias del campo, y en sus ramas hacían morada las aves del cielo, y toda carne se mantenía de él."
            },
            {
               "verse": 13,
               "text": "Veía en las visiones de mi cabeza en mi cama, y he aquí que un velador y santo descendía del cielo;"
            },
            {
               "verse": 14,
               "text": "Y clamaba fuertemente, y decía así: Cortád el árbol, y desmochád sus ramas: derribád su copa, y derramád su fruto: váyanse las bestias que están debajo de él, y las aves de sus ramas:"
            },
            {
               "verse": 15,
               "text": "Mas el tronco de sus raíces dejaréis en la tierra, y con atadura de hierro y de metal  quede atado en la yerba del campo, y sea mojado con el rocío del cielo, y su vivienda sea con las bestias en la yerba de la tierra:"
            },
            {
               "verse": 16,
               "text": "Su corazón sea mudado de corazón de hombre, y séale dado corazón de bestia; y pasen sobre él siete tiempos."
            },
            {
               "verse": 17,
               "text": "Por sentencia de los veladores  se acuerda el negocio, y por dicho de santos la demanda; para que conozcan los vivientes que el Altísimo se enseñorea del reino de los hombres, y a quien él quiere lo da, y constituye sobre él al más bajo de los hombres."
            },
            {
               "verse": 18,
               "text": "Este sueño ví yo el rey Nabucodonosor: mas tú, Baltasar, dirás la declaración de él; porque todos los sabios de mi reino nunca pudieron mostrarme su interpretación: mas tú puedes, porque hay en ti espíritu de los dioses santos."
            },
            {
               "verse": 19,
               "text": "Entonces Daniel, cuyo nombre era Baltasar, estuvo callando casi una hora, y sus pensamientos le espantaban. El rey  entonces habló, y dijo: Baltasar, el sueño ni su declaración no te espanten. Respondió Baltasar, y dijo: Señor mío, el sueño sea para tus enemigos, y su declaración para los que mal te quieren."
            },
            {
               "verse": 20,
               "text": "El árbol que viste, que crecía y se hacía fuerte, y que su altura llegaba hasta el cielo, y su vista por toda la tierra;"
            },
            {
               "verse": 21,
               "text": "Y su copa  era hermosa, y su fruto en abundancia, y que para todos  había mantenimiento en él: debajo de él moraban las bestias del campo, y en sus ramas habitaban las aves del cielo:"
            },
            {
               "verse": 22,
               "text": "Tú mismo  eres, o! rey, que creciste, y te hiciste fuerte; y tu grandeza creció, y ha llegado hasta el cielo, y tu señorío hasta el cabo de la tierra."
            },
            {
               "verse": 23,
               "text": "Y cuanto a lo que el rey vio, un velador y santo que descendía del cielo, y decía: Cortád el árbol, destruídlo: mas el tronco de sus raíces dejaréis en la tierra, y con atadura de hierro y de metal  quede atado en la yerba del campo, y sea mojado con el rocío del cielo, y su vivienda sea con las bestias del campo, hasta que pasen sobre él siete tiempos:"
            },
            {
               "verse": 24,
               "text": "Esta es la declaración, o! rey, y la sentencia del Altísimo, que ha venido sobre el rey mi Señor."
            },
            {
               "verse": 25,
               "text": "Que te echarán de entre los hombres, y con las bestias del campo será tu morada, y con yerba del campo te apacentarán como a los bueyes, y con rocío del cielo serás teñido; y siete tiempos pasarán sobre ti, hasta que entiendas que el Altísimo se enseñorea del reino de los hombres, y que a quien él quisiere, lo dará."
            },
            {
               "verse": 26,
               "text": "Y lo que dijeron, que dejasen en la tierra el tronco de las raíces del mismo árbol: tu reino se te quedará firme, para que entiendas que el señorío  es en los cielos."
            },
            {
               "verse": 27,
               "text": "Por tanto, o! rey, aprueba mi consejo, y redime tus pecados con justicia, y tus iniquidades con misericordias de los pobres: he aquí la medicina de tu pecado."
            },
            {
               "verse": 28,
               "text": "Todo vino sobre el rey Nabucodonosor."
            },
            {
               "verse": 29,
               "text": "Al cabo de doce meses andándose paseando sobre el palacio del reino de Babilonia,"
            },
            {
               "verse": 30,
               "text": "Habló el rey, y dijo: ¿No es esta la gran Babilonia, que yo edifiqué para casa del reino, con la fuerza de mi fortaleza, y para gloria de mi grandeza?"
            },
            {
               "verse": 31,
               "text": "Aun estaba la palabra en la boca del rey, cuando cae una voz del cielo: A ti dicen, rey Nabucodonosor: El reino es traspasado de ti:"
            },
            {
               "verse": 32,
               "text": "Y de entre los hombres te echan, y con las bestias del campo  será tu morada, y como a los bueyes te apacentarán; y siete tiempos pasaran sobre ti, hasta que conozcas que el Altísimo se enseñorea en el reino de los hombres, y a quien él quisiere lo dará."
            },
            {
               "verse": 33,
               "text": "En la misma hora se cumplió la palabra sobre Nabucodonosor, y fue echado de entre los hombres, y comía yerba como los bueyes, y su cuerpo se teñía con el rocío del cielo, hasta que su pelo creció como de águila, y sus uñas como de aves."
            },
            {
               "verse": 34,
               "text": "Mas al fin del tiempo, yo Nabucodonosor, alcé mis ojos al cielo, y mi sentido me fue vuelto, y bendije al Altísimo, y alabé, y glorifiqué al que vive para siempre; porque su señorío  es sempiterno, y su reino por todas las edades:"
            },
            {
               "verse": 35,
               "text": "Y todos los moradores de la tierra por nada son contados; y en el ejército del cielo, y en los moradores de la tierra hace según su voluntad, ni hay quien lo estorbe con su mano, y le diga: ¿Qué haces?"
            },
            {
               "verse": 36,
               "text": "En el mismo tiempo mi sentido me fue vuelto, y  torné a la majestad de mi reino: mi hermosura y mi grandeza volvió sobre mí; y mis gobernadores y mis grandes me buscaron, y fui restituido en mi reino, y mayor grandeza me fue añadida."
            },
            {
               "verse": 37,
               "text": "Ahora yo Nabucodonosor alabo, engrandezco, y glorifico al Rey del cielo, porque todas sus obras son verdad, y sus caminos juicio; y a los que andan con soberbia puede humillar."
            }
         ]
      },
      {
         "chapter": 5,
         "verses": [
            {
               "verse": 1,
               "text": "El rey Balsasar hizo un grande banquete a mil de sus príncipes, y contra todos mil bebía vino."
            },
            {
               "verse": 2,
               "text": "Balsasar mandó con el gusto del vino, que trajesen los vasos de oro y de plata que Nabucodonosor su padre trajo del templo de Jerusalem, para que bebiesen con ellos el rey, y sus príncipes, sus mujeres, y sus concubinas."
            },
            {
               "verse": 3,
               "text": "Entonces fueron traídos los vasos de oro que habían traído del templo, de la casa de Dios que  estaba en Jerusalem, y bebieron con ellos el rey, y sus príncipes, sus mujeres, y sus concubinas."
            },
            {
               "verse": 4,
               "text": "Bebieron vino, y alabaron a los dioses de oro, y de plata, de metal, de hierro, de madera, y de piedra."
            },
            {
               "verse": 5,
               "text": "En aquella misma hora salieron unos dedos de mano de hombre, y escribían delante del candelero, sobre lo encalado de la pared del palacio real; y el rey veía la palma de la mano que escribía."
            },
            {
               "verse": 6,
               "text": "Entonces el rey se demudó de su color, y sus pensamientos le turbaron, y las coyunturas de sus lomos se descoyuntaron, y sus rodillas se batían la una con la otra."
            },
            {
               "verse": 7,
               "text": "El rey clamó a alta voz que hiciesen venir magos, Caldeos, y adivinos. Habló el rey, y dijo a los sabios de Babilonia: Cualquiera que leyere esta escritura, y me mostrare su declaración, será vestido de púrpura, y tendrá collar de oro a su cuello, y en el reino se enseñoreará el tercero."
            },
            {
               "verse": 8,
               "text": "Entonces fueron metidos todos los sabios del rey, y no pudieron leer la escritura, ni mostrar al rey su declaración."
            },
            {
               "verse": 9,
               "text": "Entonces el rey Balsasar fue muy turbado, y sus colores se le mudaron, y sus príncipes se alteraron."
            },
            {
               "verse": 10,
               "text": "La reina, por las palabras del rey y de sus príncipes, entró a la sala del banquete: habló la reina, y dijo: Rey, para siempre vive: no te asombren tus pensamientos, ni tus colores se demuden."
            },
            {
               "verse": 11,
               "text": "En tu reino hay un varón en el cual  mora el espíritu de los dioses santos, y en los días de tu padre se halló en él lumbre, e inteligencia, y sabiduría, como ciencia de los dioses: al cual el rey Nabucodonosor tu padre constituyó príncipe sobre todos los magos, astrólogos, Caldeos, y adivinos: el rey tu padre."
            },
            {
               "verse": 12,
               "text": "Por cuanto fue hallado en él mayor espíritu, y ciencia, y entendimiento, declarando sueños, y desatando preguntas, y soltando dudas,  es a saber, en Daniel, al cual el rey puso nombre Baltasar: llámese pues ahora Daniel, y él mostrará la declaración."
            },
            {
               "verse": 13,
               "text": "Entonces Daniel fue traído delante del rey. Y habló el rey, y dijo a Daniel: ¿Eres tú aquel Daniel de los hijos de la cautividad de Judá, que mi padre trajo de Judá?"
            },
            {
               "verse": 14,
               "text": "Yo he oído de ti, que el espíritu de los dioses santos está en ti, y que en ti se halló lumbre, y entendimiento, y mayor sabiduría."
            },
            {
               "verse": 15,
               "text": "Y ahora fueron traídos delante de mí sabios, astrólogos, que leyesen esta escritura, y me mostrasen su declaración; y no han podido mostrar la declaración del negocio."
            },
            {
               "verse": 16,
               "text": "Y yo he oído de ti, que puedes declarar las dudas, y desatar dificultades. Si ahora pudieres leer esta escritura, y mostrarme su declaración, serás vestido de púrpura, y collar de oro  será puesto en tu cuello, y en el reino serás el tercer señor."
            },
            {
               "verse": 17,
               "text": "Entonces Daniel respondió, y dijo delante del rey: Tus dones séanse para ti, y tus presentes dálos a otro. La escritura yo la leeré al rey, y le mostraré la declaración."
            },
            {
               "verse": 18,
               "text": "El Altísimo Dios, o! rey, dio a Nabucodonosor tu padre el reino, y la grandeza, y la gloria, y la hermosura."
            },
            {
               "verse": 19,
               "text": "Y por la grandeza que le dio, todos los pueblos, naciones, y lenguajes temblaban y temían delante de él. Los que él quería, mataba; y a los que quería, daba vida: los que quería, engrandecía; y los que quería, abajaba."
            },
            {
               "verse": 20,
               "text": "Mas cuando su corazón se ensoberbeció, y su espíritu se endureció en altivez, fue depuesto del trono de su reino, y traspasaron de él la gloria."
            },
            {
               "verse": 21,
               "text": "Y fue echado de entre los hijos de los hombres; y su corazón fue puesto con las bestias, y con los asnos monteses fue su morada: yerba como a buey le hicieron comer, y su cuerpo fue teñido con el rocío del cielo; hasta que conoció que el Altísimo Dios se enseñorea del reino de los hombres, y al que quisiere, pondrá sobre él."
            },
            {
               "verse": 22,
               "text": "Y tú su hijo, Balsasar, no humillaste tu corazón, sabiendo todo esto;"
            },
            {
               "verse": 23,
               "text": "Y contra el Señor del cielo te has ensoberbecido; e hiciste traer delante de ti los vasos de su casa, y tú, y tus príncipes, tus mujeres, y tus concubinas, bebisteis vino en ellos: además de esto, a dioses de plata, y de oro, de metal, de hierro, de madera, y de piedra, que ni ven, ni oyen, ni saben, diste alabanza; y al Dios, en cuya mano está tu vida, y son todos tus caminos, nunca honraste."
            },
            {
               "verse": 24,
               "text": "Entonces de su presencia fue enviada la palma de la mano, que esculpió esta escritura."
            },
            {
               "verse": 25,
               "text": "Y la escritura que esculpió  es  Mene, Mene, Tekel, Ufarsin."
            },
            {
               "verse": 26,
               "text": "La declaración del negocio es:  Mene: Contó Dios tu reino, y hále acabado."
            },
            {
               "verse": 27,
               "text": " Tekel: Pesado has sido en balanza, y fuiste hallado falto."
            },
            {
               "verse": 28,
               "text": " Peres: Tu reino fue rompido, y es dado a Medos y Persas."
            },
            {
               "verse": 29,
               "text": "Entonces, mandándolo Balsasar, vistieron a Daniel de púrpura, y en su cuello fue puesto un collar de oro, y pregonaron de él, que fuese el tercer señor en el reino."
            },
            {
               "verse": 30,
               "text": "La misma noche fue muerto Balsasar, rey de los Caldeos."
            },
            {
               "verse": 31,
               "text": "Y Darío de Media tomó el reino, siendo de sesenta y dos años."
            }
         ]
      },
      {
         "chapter": 6,
         "verses": [
            {
               "verse": 1,
               "text": "Pareció bien a Darío de constituir sobre el reino ciento y veinte gobernadores, que estuviesen en todo el reino."
            },
            {
               "verse": 2,
               "text": "Y sobre ellos tres presidentes, de los cuales Daniel  era el uno, a los cuales estos gobernadores diesen cuenta, porque el rey no recibiese daño."
            },
            {
               "verse": 3,
               "text": "Entonces el mismo Daniel era superior a estos gobernadores y presidentes, por que había en él más abundancia de espíritu; y el rey pensaba de ponerle sobre todo el reino."
            },
            {
               "verse": 4,
               "text": "Entonces los presidentes, y gobernadores buscaban ocasiones contra Daniel por parte del reino: mas no podían hallar alguna ocasión o falta, porque él era fiel, y ningún vicio ni falta fue hallado en él."
            },
            {
               "verse": 5,
               "text": "Entonces estos varones dijeron: Nunca hallaremos contra este Daniel alguna ocasión, si no la hallamos contra él en la ley de su Dios."
            },
            {
               "verse": 6,
               "text": "Entonces estos gobernadores y presidentes se juntaron delante del rey, y le dijeron así: Rey Darío, para siempre vive."
            },
            {
               "verse": 7,
               "text": "Todos los presidentes del reino, magistrados, gobernadores, grandes, y capitanes, han acordado por consejo de promulgar un edicto real, y confirmarle: Que cualquiera que demandare petición de cualquier dios o hombre por espacio de treinta días, si no de ti, o! rey, sea echado en el foso de los leones."
            },
            {
               "verse": 8,
               "text": "Ahora, o! rey, confirma el edicto, y firma la escritura, para que no se pueda mudar, conforme a la ley de Media y de Persia, que no se quebranta."
            },
            {
               "verse": 9,
               "text": "Por esta causa el rey Darío firmó la escritura y el edicto."
            },
            {
               "verse": 10,
               "text": "Y Daniel cuando supo que la escritura estaba firmada, entróse en su casa, y abiertas las ventanas de su cenadero, que estaban hacia Jerusalem, hincábase de rodillas tres veces al día; y oraba, y daba gracias delante de su Dios, como lo solía hacer antes."
            },
            {
               "verse": 11,
               "text": "Entonces aquellos varones se juntaron, y hallaron a Daniel orando y rogando delante de su Dios."
            },
            {
               "verse": 12,
               "text": "Entonces llegáronse, y hablaron delante del rey del edicto real,  diciendo: ¿No confirmaste edicto, que cualquiera que pidiere a cualquier dios o hombre por espacio de treinta días, si no a ti, o! rey, fuese echado en el foso de los leones? Respondió el rey, y dijo: Verdad es, conforme a la ley de Media y de Persia, que no se quebranta."
            },
            {
               "verse": 13,
               "text": "Entonces respondieron, y dijeron delante del rey: Daniel que es de los hijos de la cautividad de los Judíos, no ha hecho cuenta de ti, o! rey, ni del edicto que confirmaste; antes tres veces al día pide su petición."
            },
            {
               "verse": 14,
               "text": "El rey entonces, oyendo el negocio, pesóle en grande manera, y sobre Daniel puso cuidado para escaparle; y hasta que el sol fue puesto trabajó por escaparle."
            },
            {
               "verse": 15,
               "text": "Entonces aquellos varones se juntaron cerca del rey, y dijeron al rey: Sepas, o! rey, que es ley de Media y de Persia, que ningún decreto o ordenanza que el rey confirmare pueda ser mudada."
            },
            {
               "verse": 16,
               "text": "Entonces el rey mandó, y trajeron a Daniel, y echáronle en el foso de los leones. Y hablando el rey, dijo a Daniel: El Dios tuyo, a quien tú continuamente sirves, él te libre."
            },
            {
               "verse": 17,
               "text": "Y fue traída una piedra, y fue puesta sobre la puerta del foso, la cual el rey selló con su anillo, y con el anillo de sus príncipes, porque la voluntad no se mudase para con Daniel."
            },
            {
               "verse": 18,
               "text": "Entonces el rey se fue a su palacio, y acostóse ayuno, ni instrumentos de música fueron traídos delante de él; y su sueño se huyó de él."
            },
            {
               "verse": 19,
               "text": "El rey entonces se levantó de mañana en amaneciendo, y vino apriesa al foso de los leones."
            },
            {
               "verse": 20,
               "text": "Y llegándose cerca del foso llamó a voces a Daniel con voz triste; y hablando el rey, dijo a Daniel: Daniel, siervo del Dios viviente, el Dios tuyo, a quien tú continuamente sirves, ¿háte podido librar de los leones?"
            },
            {
               "verse": 21,
               "text": "Entonces Daniel habló con el rey,  y dijo: Rey, para siempre vive:"
            },
            {
               "verse": 22,
               "text": "El Dios mío envió su ángel, el cual cerró la boca de los leones, porque no me hiciesen mal; porque delante de él se halló justicia en mí; y aun delante de ti, o! rey, yo no he hecho lo que no debiese."
            },
            {
               "verse": 23,
               "text": "Entonces el rey fue en grande manera alegre con él; y mandó sacar a Daniel del foso; y Daniel fue sacado del foso, y ninguna lesión se halló en él, porque creyó en su Dios."
            },
            {
               "verse": 24,
               "text": "Y mandándolo el rey, fueron traídos aquellos varones que habían acusado a Daniel, y fueron echados en el foso de los leones, ellos, sus hijos, y sus mujeres; y aun no habían llegado al suelo del foso, cuando los leones se apoderaron de ellos, y quebrantaron todos sus huesos."
            },
            {
               "verse": 25,
               "text": "¶ Entonces el rey Darío escribió: A todos los pueblos, naciones, y lenguajes, que habitan en toda la tierra, paz os sea multiplicada."
            },
            {
               "verse": 26,
               "text": "De parte mía es puesta ordenanza, que en todo el señorío de mi reino todos teman y tiemblen de la presencia del Dios de Daniel; porque él es Dios viviente, y permaneciente por todos los siglos; y su reino que no se deshará, y su señorío hasta la fin:"
            },
            {
               "verse": 27,
               "text": "Que escapa, y libra, y hace señales y maravillas en el cielo, y en la tierra: el cual libró a Daniel del poder de los leones."
            },
            {
               "verse": 28,
               "text": "Y este Daniel fue prosperado durante el reino de Darío, y durante el reino de Ciro, Persa."
            }
         ]
      },
      {
         "chapter": 7,
         "verses": [
            {
               "verse": 1,
               "text": "En el primer año de Balsasar, rey de Babilonia, Daniel vio un sueño, y visiones de su cabeza en su cama: luego escribió el sueño,  y notó la suma de los negocios."
            },
            {
               "verse": 2,
               "text": "Habló Daniel, y dijo:  Yo veía en mi visión  siendo de noche, y he aquí que los cuatro vientos del cielo combatían la gran mar."
            },
            {
               "verse": 3,
               "text": "Y cuatro bestias grandes, diferentes la una de la otra, subían de la mar."
            },
            {
               "verse": 4,
               "text": "La primera  era como león, y tenía alas de águila.  Yo estaba mirando hasta tanto que sus alas fueron arrancadas, y fue quitada de la tierra; y púsose enhiesta sobre los pies a manera de hombre, y fuéle dado corazón de hombre."
            },
            {
               "verse": 5,
               "text": "Y he aquí otra segunda bestia, semejante a un oso, la cual se puso al un lado; y tenía en su boca tres costillas entre sus dientes, y fuéle dicho así: Levántate, traga carne mucha."
            },
            {
               "verse": 6,
               "text": "Después de esto yo miraba, y he aquí otra semejante a un tigre; y tenía cuatro alas de ave en sus espaldas: tenía también esta bestia cuatro cabezas, y fuéle dada potestad."
            },
            {
               "verse": 7,
               "text": "Después de esto  yo miraba en las visiones de la noche; y he aquí la cuarta bestia espantable, y temerosa, y en grande manera fuerte: la cual tenía unos dientes grandes de hierro. Tragaba y desmenuzaba, y las sobras hollaba con sus pies; y era muy diferente de todas las bestias que habían sido antes de ella, y tenía diez cuernos."
            },
            {
               "verse": 8,
               "text": "Estando  yo contemplando los cuernos, he aquí que otro cuerno pequeño subía entre ellos, y delante de él fueron arrancados tres cuernos de los primeros; y he aquí que en este cuerno había ojos, como ojos de hombre, y una boca que hablaba grandezas."
            },
            {
               "verse": 9,
               "text": "Estuve mirando, hasta que fueron traídos tronos, y el Anciano de días se asentó: su vestido  era blanco como la nieve, y el pelo de su cabeza como lana limpia: su trono de llama de fuego, sus ruedas fuego ardiente."
            },
            {
               "verse": 10,
               "text": "Un río de fuego procedía, y salía de delante de él; millares de millares le servían, y millones de millones asistían delante de él: el Juez se asentó, y los libros se abrieron."
            },
            {
               "verse": 11,
               "text": " Yo entonces miraba a causa de la voz de las grandes palabras que hablaba el cuerno: miraba, hasta tanto que mataron la bestia, y su cuerpo fue deshecho, y entregado para ser quemado en el fuego."
            },
            {
               "verse": 12,
               "text": "Habían también quitado a las otras bestias su señorío, porque les había sido dado longura de vida hasta cierto tiempo."
            },
            {
               "verse": 13,
               "text": "Veía en la visión de la noche, he aquí en las nubes del cielo, como un Hijo de hombre que venía; y llegó hasta el Anciano de días, e hiciéronle llegar delante de él."
            },
            {
               "verse": 14,
               "text": "Y fuéle dado señorío, y gloria, y reino; y todos los pueblos, naciones, y lenguajes le sirvieron: su señorío, señorío eterno, que no será transitorio; y su reino, que no se corromperá."
            },
            {
               "verse": 15,
               "text": "Mi espíritu fue turbado, yo Daniel, en medio de mi cuerpo, y las visiones de mi cabeza me asombraron."
            },
            {
               "verse": 16,
               "text": "Lleguéme a uno de los que asistían, y preguntéle la verdad acerca de todo esto. Y hablóme, y declaróme la interpretación de los negocios."
            },
            {
               "verse": 17,
               "text": "Estas grandes bestias, las cuales son cuatro, cuatro reyes son, que se levantarán en la tierra."
            },
            {
               "verse": 18,
               "text": "Y tomarán el reino de los santos altos, y poseerán el reino hasta el siglo, y hasta el siglo de los siglos."
            },
            {
               "verse": 19,
               "text": "Entonces tuve deseo de saber la verdad acerca de la cuarta bestia, que tan diferente era de todas las otras, espantable en gran manera, que tenía dientes de hierro, y sus uñas eran de metal:  que tragaba y desmenuzaba, y las sobras hollaba con sus pies:"
            },
            {
               "verse": 20,
               "text": "También de los diez cuernos, que estaban en su cabeza; y del otro que había subido, de delante del cual habían caído tres; y este mismo cuerno tenía ojos, y boca que hablaba grandezas, y su parecer era mayor que de ninguno de sus compañeros."
            },
            {
               "verse": 21,
               "text": "Y veía que este cuerno hacía guerra contra los santos, y los vencía,"
            },
            {
               "verse": 22,
               "text": "Hasta tanto que vino el Anciano de días, y que se dio el juicio a los santos del Altísimo; y vino el tiempo, y los santos poseyeron el reino."
            },
            {
               "verse": 23,
               "text": "Dijo así: La cuarta bestia será un cuarto rey en la tierra, el cual será más grande que todos los otros reinos; y a toda la tierra tragará, y trillarla ha, y desmenuzarla ha."
            },
            {
               "verse": 24,
               "text": "Y los diez cuernos, que de aquel reino se levantarán, diez reyes, y tras ellos se levantará otro, el cual será mayor que los primeros; y a tres reyes derribará."
            },
            {
               "verse": 25,
               "text": "Y hablará palabras contra el Altísimo, y los santos del Altísimo quebrantará, y pensará de mudar los tiempos, y la ley; y serán entregados en su mano hasta tiempo, y tiempos, y el medio de un tiempo."
            },
            {
               "verse": 26,
               "text": "Y asentarse ha el juez, y traspasarán su señorío, para destruir, y para echar a perder hasta el fin;"
            },
            {
               "verse": 27,
               "text": "Y que el reino, y el señorío, y la majestad de los reinos, debajo de todo el cielo sea dado al santo pueblo del Altísimo: su reino, reino  será eterno, y todos los señoríos le servirán, y le obedecerán."
            },
            {
               "verse": 28,
               "text": "Hasta aquí fue el fin de la plática. Yo Daniel, mucho me turbaron mis pensamientos, y mi rostro se me mudó: mas el negocio, guardélo en mi corazón."
            }
         ]
      },
      {
         "chapter": 8,
         "verses": [
            {
               "verse": 1,
               "text": "En el año tercero del reino del rey Balsasar, me apareció una visión, a mí Daniel, después de aquella que me apareció antes."
            },
            {
               "verse": 2,
               "text": "Ví en visión, y aconteció cuando ví,  que yo estaba en Susán, que es cabecera del reino, en la provincia de Persia: así que ví en aquella visión, estando junto al río Ulai."
            },
            {
               "verse": 3,
               "text": "Y alcé mis ojos, y miré, y he aquí un carnero que estaba delante del río, el cual tenía dos cuernos, y aunque eran altos, el uno era más alto que el otro; y el que era más alto subía a la postre."
            },
            {
               "verse": 4,
               "text": "Ví que el carnero hería con los cuernos al poniente, al norte, y al mediodía, y que ninguna bestia podía parar delante de él, ni había quien escapase de su mano; y hacía conforme a su voluntad, y cada día se hacía más grande."
            },
            {
               "verse": 5,
               "text": "Y estando yo considerando, he aquí, un macho de cabrío venía de la parte del poniente sobre la haz de toda la tierra, el cual no tocaba la tierra; y tenía aquel macho cabrío un cuerno de ver entre sus ojos."
            },
            {
               "verse": 6,
               "text": "Y venía hasta el carnero que tenía los dos cuernos, al cual  yo había visto que estaba delante del río; y corrió contra él con la ira de su fortaleza."
            },
            {
               "verse": 7,
               "text": "Y le ví que llegaba junto al carnero, y levantóse contra él, e hirióle, y quebró sus dos cuernos; porque en el carnero no había fuerzas para parar delante de él; y derribóle en tierra, y hollóle, ni hubo quien librase al carnero de su mano."
            },
            {
               "verse": 8,
               "text": "Y el macho de cabrío se engrandeció en gran manera; y estando en su mayor fuerza, aquel gran cuerno fue quebrado; y subieron en su lugar otros cuatro maravillosos hacia los cuatro vientos del cielo."
            },
            {
               "verse": 9,
               "text": "Y del uno de ellos salió un cuerno pequeño, el cual creció mucho al mediodía, y al oriente, hacia la  tierra deseable."
            },
            {
               "verse": 10,
               "text": "Y engrandecíase hasta el ejército del cielo, y  parte del ejército y de las estrellas echó por tierra, y las holló."
            },
            {
               "verse": 11,
               "text": "Y hasta el emperador del ejército se engrandeció; y por él fue quitado el continuo  sacrificio, y el lugar de su santuario fue echado por tierra."
            },
            {
               "verse": 12,
               "text": "Y el ejército fue entregado a causa del continuo  sacrificio, a causa de la prevaricación; y echó por tierra la verdad; e hizo  todo lo que quiso, y sucedióle prósperamente."
            },
            {
               "verse": 13,
               "text": "Y oí un santo que hablaba, y otro de los santos dijo a un otro que hablaba: ¿Hasta cuándo  durará la visión del continuo  sacrificio, y la prevaricación asoladora, que pone el santuario y el ejército para ser hollado?"
            },
            {
               "verse": 14,
               "text": "Y él me dijo: Hasta tarde y mañana dos mil y trescientos; y el santuario será justificado."
            },
            {
               "verse": 15,
               "text": "Y acaeció que estando yo Daniel considerando la visión, y buscando su entendimiento, he aquí que como una semejanza de hombre se puso delante de mí."
            },
            {
               "verse": 16,
               "text": "Y oí una voz de hombre entre Ulai, que alzó la voz, y dijo: Gabriel, enseña la visión a este."
            },
            {
               "verse": 17,
               "text": "Y vino cerca de donde yo estaba; y con su venida me asombré, y caí sobre mi rostro; y él me dijo: Entiende, hijo del hombre, porque al tiempo la visión se cumplirá."
            },
            {
               "verse": 18,
               "text": "Y estando él hablando conmigo, caí dormido en tierra sobre mi rostro; y él me tocó, e hízome estar en pie."
            },
            {
               "verse": 19,
               "text": "Y dijo: He aquí  que yo te enseñaré lo que ha de venir en el fin de la ira; porque al tiempo se cumplirá."
            },
            {
               "verse": 20,
               "text": "Aquel carnero que viste, que tenía cuernos, son los reyes de Media y de Persia;"
            },
            {
               "verse": 21,
               "text": "Y el macho cabrío, el macho cabrío, el rey de Grecia; y el cuerno grande que  tenía entre sus ojos, es el rey primero:"
            },
            {
               "verse": 22,
               "text": "Y que fue quebrado, y sucedieron cuatro en su lugar,  significa que cuatro reinos sucederán de la  misma nación, mas no en la fortaleza de él."
            },
            {
               "verse": 23,
               "text": "Mas al cabo del imperio de estos, cuando los prevaricadores se cumplirán, levantarse ha un rey fuerte de cara, y entendido en dudas."
            },
            {
               "verse": 24,
               "text": "Y su fortaleza se fortalecerá, mas no con fuerza suya; y destruirá maravillosamente, y sucederle ha prósperamente; y hará a  su voluntad, y destruirá fuertes, y al pueblo de los santos."
            },
            {
               "verse": 25,
               "text": "Y con su entendimiento hará prosperar el engaño en su mano; y en su corazón se engrandecerá, y con paz destruirá a muchos; y contra el príncipe de los príncipes se levantará; y sin mano será quebrantado."
            },
            {
               "verse": 26,
               "text": "Y la visión de la tarde y de la mañana que está dicha, es verdadera; y tú, guarda la visión, porque  es para muchos días."
            },
            {
               "verse": 27,
               "text": "Y yo Daniel fui quebrantado, y estuve enfermo  algunos días; y cuando convalecí, hice el negocio del rey; y estaba espantado acerca de la visión, y no había quien la entendiese."
            }
         ]
      },
      {
         "chapter": 9,
         "verses": [
            {
               "verse": 1,
               "text": "En el año primero de Darío, hijo de Asuero, de la nación de los Medos, el cual fue puesto por rey sobre el reino de los Caldeos:"
            },
            {
               "verse": 2,
               "text": "En el año primero de su reino, yo Daniel miré atentamente en los libros el número de los años del cual habló Jehová al profeta Jeremías, que había de fenecer la asolación de Jerusalem en setenta años."
            },
            {
               "verse": 3,
               "text": "Y volví mi rostro al Señor Dios, buscándole en oración, y ruego, en ayuno, y cilicio, y ceniza."
            },
            {
               "verse": 4,
               "text": "Y oré a Jehová mi Dios, y confesé, y dije: Ahora, Señor, Dios grande, digno de ser temido, que guardas el concierto y la misericordia con los que te aman, y guardan tus mandamientos."
            },
            {
               "verse": 5,
               "text": "Hemos pecado, hemos hecho iniquidad, hemos hecho impíamente, y hemos sido rebeldes, y nos hemos apartado de tus mandamientos, y de tus juicios."
            },
            {
               "verse": 6,
               "text": "No hemos obedecido a tus siervos los profetas que en tu nombre hablaron a nuestros reyes, y a nuestros príncipes, a nuestros padres, y a todo el pueblo de la tierra."
            },
            {
               "verse": 7,
               "text": "Tuya es, Señor, la justicia, y nuestra la confusión de rostro, como el día de hoy  es a todo hombre de Judá, y a los moradores de Jerusalem, y a todo Israel, a los de cerca, y a los de lejos, en todas las tierras donde los has echado, a causa de su rebelión con que rebelaron contra ti."
            },
            {
               "verse": 8,
               "text": "O! Jehová, nuestra es la confusión de rostro: de nuestros reyes, de nuestros príncipes, y de nuestros padres, porque pecamos a ti."
            },
            {
               "verse": 9,
               "text": "De Jehová nuestro Dios  es el tener misericordia, y el perdonar, aunque  nosotros nos rebelamos contra él."
            },
            {
               "verse": 10,
               "text": "Y no obedecimos a la voz de Jehová nuestro Dios para andar por sus leyes, las cuales él dio delante de nosotros por mano de sus siervos los profetas."
            },
            {
               "verse": 11,
               "text": "Y todo Israel traspasó tu ley, apartándose por no oír tu voz: por lo cual la maldición y la jura que está escrita en la ley de Moisés, siervo de Dios, ha destilado sobre nosotros, porque pecamos contra él."
            },
            {
               "verse": 12,
               "text": "Y él afirmó su palabra que habló sobre nosotros, y sobre nuestros jueces, que nos gobernaron, trayendo sobre nosotros tan grande mal: que nunca fue hecho debajo del cielo, cual el que fue hecho en Jerusalem."
            },
            {
               "verse": 13,
               "text": "Como está escrito en la ley de Moisés, todo aquel mal vino sobre nosotros: y nunca rogamos a la faz de Jehová nuestro Dios, para convertirnos de nuestras maldades, y entender tu verdad."
            },
            {
               "verse": 14,
               "text": "Y apresuróse Jehová sobre el castigo, y trájolo sobre nosotros; porque  es justo Jehová nuestro Dios en todas sus obras que hizo, porque no obedecimos a su voz."
            },
            {
               "verse": 15,
               "text": "Ahora pues Señor Dios nuestro, que sacaste tu pueblo de la tierra de Egipto con mano poderosa, y ganaste para ti nombre como este día, pecamos, impíamente hemos hecho."
            },
            {
               "verse": 16,
               "text": "O! Señor, según todas tus justicias, apártese ahora tu ira y tu furor de sobre tu ciudad Jerusalem, tu santo monte; porque a causa de nuestros pecados, y por la maldad de nuestros padres, Jerusalem y tu pueblo  es dado en vergüenza a todos nuestros al derredores."
            },
            {
               "verse": 17,
               "text": "Ahora pues Dios nuestro, oye la oración de tu siervo, y sus ruegos; y haz que tu rostro resplandezca sobre tu santuario asolado, por el Señor."
            },
            {
               "verse": 18,
               "text": "Inclina, o! Dios mío, tu oído, y oye: abre tus ojos, y mira nuestros asolamientos, y la ciudad, sobre la cual es llamado tu nombre; porque no  confiados en nuestras justicias derramamos nuestros ruegos delante de tu presencia, mas en tus muchas misericordias."
            },
            {
               "verse": 19,
               "text": "Oye, Señor: Perdona, Señor: Está atento, Señor, y haz: no pongas dilación por ti mismo, Dios mío; porque tu nombre es llamado sobre tu ciudad, y sobre tu pueblo."
            },
            {
               "verse": 20,
               "text": "¶ Aun estaba hablando, y orando, y confesaba mi pecado, y el pecado de mi pueblo Israel, y derramaba mi ruego delante de Jehová mi Dios, por el monte santo de mi Dios:"
            },
            {
               "verse": 21,
               "text": "Aun estaba hablando en oración, y aquel varón Gabriel, al cual había visto en visión al principio, volando con vuelo me tocó, como a la hora del sacrificio de la tarde."
            },
            {
               "verse": 22,
               "text": "E hízome entender, y habló conmigo, y dijo: Daniel, ahora he salido, para hacerte entender la declaración."
            },
            {
               "verse": 23,
               "text": "Al principio de tus ruegos salió la palabra, y yo he venido para enseñártela, porque tú  eres varón de deseos. Entiende pues la palabra, y entiende la visión."
            },
            {
               "verse": 24,
               "text": "Setenta semanas están determinadas sobre tu pueblo, y sobre tu santa ciudad, para fenecer la prevaricación, y concluir el pecado, y expiar la iniquidad, y para traer la justicia de los siglos, y para sellar la visión y la profecía, y ungir la santidad de santidades."
            },
            {
               "verse": 25,
               "text": "Sepas pues, y entiendas, que desde la salida de la palabra para hacer volver  el pueblo, y edificar a Jerusalem, hasta el Mesías Príncipe  habrá siete semanas, sesenta y dos semanas;  entre tanto se tornará a edificar la plaza, y el muro en tiempos angustiosos."
            },
            {
               "verse": 26,
               "text": "Y después de las sesenta y dos semanas el Mesías será muerto, y no por sí; y el pueblo príncipe viniendo destruirá la ciudad, y el santuario, cuyo fin  será como con avenida  de aguas: hasta que al fin de la guerra sea talada  con asolamiento."
            },
            {
               "verse": 27,
               "text": "Y en otra semana confirmará el concierto a muchos: a la mitad de la semana hará cesar el sacrificio, y el presente; y a causa del ala de las abominaciones  vendrá asolamiento, hasta que perfecto acabamiento se derrame sobre el  pueblo asolado."
            }
         ]
      },
      {
         "chapter": 10,
         "verses": [
            {
               "verse": 1,
               "text": "En el tercer año de Ciro, rey de Persia, fue revelada palabra a Daniel cuyo nombre  era Baltasar; y la palabra  era verdadera, y el plazo grande: la cual palabra él entendió, y tuvo inteligencia en la visión."
            },
            {
               "verse": 2,
               "text": "En aquellos días yo Daniel me contristé tres semanas de tiempo."
            },
            {
               "verse": 3,
               "text": "No comí pan delicado, ni carne ni vino entró en mi boca, ni me unté con ungüento, hasta que se cumplieron tres semanas de días."
            },
            {
               "verse": 4,
               "text": "Y a los veinte y cuatro días del mes primero, yo estaba a la orilla del gran río Jidekel:"
            },
            {
               "verse": 5,
               "text": "Y alzando mis ojos miré, y he aquí un varón vestido de lienzos, y ceñidos sus lomos de oro muy fino:"
            },
            {
               "verse": 6,
               "text": "Y su cuerpo  era como Társis, y su rostro parecía un relámpago, y sus ojos como antorchas de fuego, y sus brazos y sus pies como de color de metal resplandeciente; y la voz de sus palabras, como voz de  algún ejército."
            },
            {
               "verse": 7,
               "text": "Y yo Daniel solo vi aquella visión; y los varones que  estaban conmigo no la vieron: mas cayó sobre ellos un gran temor, y huyeron, y escondiéronse."
            },
            {
               "verse": 8,
               "text": "Y quedé yo solo, y ví esta gran visión, y no quedó en mi esfuerzo, antes mi fuerza se me trocó en desmayo, sin retener alguna fuerza."
            },
            {
               "verse": 9,
               "text": "Y oí la voz de sus palabras; y como oí la voz de sus palabras, yo fui adormecido sobre mi rostro, y mi rostro en tierra."
            },
            {
               "verse": 10,
               "text": "Y he aquí que una mano me tocó, e hizo que me moviese sobre mis rodillas, y sobre las palmas de mis manos."
            },
            {
               "verse": 11,
               "text": "Y díjome: Daniel, varón de deseos, está atento a las palabras que  yo te hablaré, y levántate sobre tus pies; porque  yo soy enviado ahora a ti: Y estando hablando conmigo esto, yo estaba temblando."
            },
            {
               "verse": 12,
               "text": "Y díjome: Daniel, no temas; porque desde el primer día que diste tu corazón a entender, y a afligirte en la presencia de tu Dios, son oídas tus palabras; y yo soy venido a causa de tus palabras."
            },
            {
               "verse": 13,
               "text": "Mas el príncipe del reino de Persia se puso contra mí veinte y un días; y he aquí que Micael uno de los principales príncipes vino para ayudarme, y yo quedé allí con los reyes de Persia."
            },
            {
               "verse": 14,
               "text": "Y soy venido para hacerte saber lo que ha de venir a tu pueblo en los postreros días; porque aun  habrá visión por  algunos días."
            },
            {
               "verse": 15,
               "text": "Y estando hablando conmigo semejantes palabras, puse mis ojos en tierra, y enmudecí."
            },
            {
               "verse": 16,
               "text": "Y he aquí como una semejanza de hombre, que tocó mis labios; y abrí mi boca, y hablé, y dije a aquel que estaba delante de mí: Señor mío, con la visión se trastornaron mis dolores sobre mí, y no me quedó fuerza."
            },
            {
               "verse": 17,
               "text": "¿Cómo pues podrá el siervo de este mi Señor hablar con este mi Señor? porque en este instante me faltó la fuerza, y no me quedó aliento."
            },
            {
               "verse": 18,
               "text": "Y aquella como semejanza de hombre me tocó otra vez, y me confortó."
            },
            {
               "verse": 19,
               "text": "Y me dijo: Varón de deseos, no temas: paz a ti: ten buen ánimo, y esfuérzate. Y hablando él conmigo yo me esforcé, y dije: Hable mi Señor, porque esforzádome has."
            },
            {
               "verse": 20,
               "text": "Y dijo: ¿Sabes por qué he venido a ti? porque luego tengo de volver para pelear con el príncipe de los Persas; y en saliendo yo, luego viene el príncipe de Grecia."
            },
            {
               "verse": 21,
               "text": "Empero  yo te declararé lo que está escrito en la escritura de verdad; y ninguno  hay que se esfuerce conmigo en estos  negocios, si no Micael vuestro príncipe."
            }
         ]
      },
      {
         "chapter": 11,
         "verses": [
            {
               "verse": 1,
               "text": "Y en el año primero de Darío, el de Media, yo estuve para animarle, y fortalecerle."
            },
            {
               "verse": 2,
               "text": "Y ahora  yo te mostraré la verdad: He aquí que aun tres reyes estarán en Persia; y el cuarto se enriquecerá de grandes riquezas, más que todos; y fortificándose con sus riquezas, despertará a todos contra el reino de Grecia."
            },
            {
               "verse": 3,
               "text": "Y levantarse ha un rey valiente, el cual se enseñoreará sobre gran señorío, y hará a su voluntad."
            },
            {
               "verse": 4,
               "text": "Y cuando se hubiere enseñoreado, su reino será quebrantado, y será partido en los cuatro vientos del cielo, y no a su descendiente, ni según el señorío con que él se enseñoreó; porque su reino será arrancado, y para otros fuera de estos."
            },
            {
               "verse": 5,
               "text": "Y hacerse ha fuerte el rey del mediodía y de sus principados, y sobrepujarle ha, y apoderarse ha, y su señorío  será grande señorío."
            },
            {
               "verse": 6,
               "text": "Mas al cabo de  algunos años se concertarán, y la hija del rey del mediodía vendrá al rey del norte, para hacer los conciertos: Mas no tendrá fuerza de brazo, ni permanecerá él, ni su brazo. Porque ella será entregada, y los que la hubieron traído, y su padre, y los que estaban de su parte en aquellos días."
            },
            {
               "verse": 7,
               "text": "Mas del renuevo de sus raíces se levantará sobre su silla, y vendrá al ejército, y entrará en la fortaleza del rey del norte, y hará en ellos a  su voluntad, y corroborarse ha."
            },
            {
               "verse": 8,
               "text": "Y aun los dioses de ellos, con sus príncipes, con sus vasos preciosos de plata y de oro, llevará cautivos a Egipto. Y por  algunos años él se mantendrá contra el rey del norte."
            },
            {
               "verse": 9,
               "text": "Y vendrá en el reino el rey del mediodía, y volverá a su tierra."
            },
            {
               "verse": 10,
               "text": "Mas sus hijos se airarán, y juntarán multitud de muchos ejércitos, y vendrá a gran priesa, e inundará, y pasará, y tornará, y llegará con ira hasta su fortaleza."
            },
            {
               "verse": 11,
               "text": "Por lo cual el rey del mediodía se enojará, y saldrá, y peleará con el mismo rey del norte; y pondrá en campo gran multitud, y toda aquella multitud será entregada en su mano."
            },
            {
               "verse": 12,
               "text": "Por lo cual la multitud se ensoberbecerá, elevarse ha su corazón, y derribará muchos millares, y no prevalecerá."
            },
            {
               "verse": 13,
               "text": "Y volverá el rey del norte, y pondrá en campo mayor multitud que primero; y al cabo del tiempo de algunos años vendrá a gran priesa con grande ejército, y con muchas riquezas."
            },
            {
               "verse": 14,
               "text": "Mas en aquellos tiempos muchos se levantarán contra el rey del mediodía; e hijos de disipadores de tu pueblo se levantarán para confirmar la profecía, y caerán."
            },
            {
               "verse": 15,
               "text": "Y vendrá el rey del norte, y fundará baluartes, y tomará la ciudad fuerte, y los brazos del mediodía no podrán permanecer, ni su pueblo escogido, ni habrá fortaleza que pueda resistir."
            },
            {
               "verse": 16,
               "text": "Y el que vendrá contra él, hará a su voluntad, ni habrá quien se le pueda parar delante; y estará en la tierra deseable, la cual será consumida en su poder."
            },
            {
               "verse": 17,
               "text": "Y pondrá su rostro para venir con la potencia de todo su reino, y hará con él cosas rectas, y darle ha una hija de  sus mujeres para trastornarla: mas no estará, ni será por él."
            },
            {
               "verse": 18,
               "text": "Volverá después su rostro a las islas, y tomará muchas; y un príncipe le hará parar su vergüenza, y aun volverá sobre él su vergüenza."
            },
            {
               "verse": 19,
               "text": "De aquí volverá su rostro a las fortalezas de su tierra; y tropezará, y caerá, y no parecerá más."
            },
            {
               "verse": 20,
               "text": "Mas sucedará en su silla quien quitará las exacciones,  el cual será gloria del reino: mas en pocos días será quebrantado, no en enojo, ni en batalla."
            },
            {
               "verse": 21,
               "text": "Y sucederá en su lugar un vil, al cual no darán la honra del reino: mas vendrá con paz, y tomará el reino con halagos."
            },
            {
               "verse": 22,
               "text": "Y los brazos serán inundados de inundación delante de él; y serán quebrantados, y aun también el capitán del concierto."
            },
            {
               "verse": 23,
               "text": "Y después de los conciertos con él, él hará engañó; y subirá, y saldrá vencedor con poca gente."
            },
            {
               "verse": 24,
               "text": "Estando la provincia en paz, y en abundancia, entrará, y hará lo que nunca hicieron sus padres, ni los padres de sus padres: presa, y despojos, y riqueza repartirá a sus soldados; y contra las fortalezas pensará con sus pensamientos; y  esto por tiempo."
            },
            {
               "verse": 25,
               "text": "Y despertará sus fuerzas y su corazón contra el rey del mediodía con grande ejército; y el rey del mediodía será provocado a la guerra con grande ejército y muy fuerte: mas no prevalecerá, porque le harán traición."
            },
            {
               "verse": 26,
               "text": "Y los que comerán su pan, le quebrantarán; y su ejército será destruido, y caerán muchos muertos."
            },
            {
               "verse": 27,
               "text": "Y el corazón de estos dos reyes será para hacer se mal; y en una misma mesa tratarán mentira: mas no servirá de nada; porque el plazo aun no es llegado."
            },
            {
               "verse": 28,
               "text": "Y volverse ha a su tierra con grande riqueza; y su corazón  será contra el santo concierto; y hará, y volverse ha a su tierra."
            },
            {
               "verse": 29,
               "text": "Al tiempo señalado tornará al mediodía: mas no será la postrera  venida como la primera."
            },
            {
               "verse": 30,
               "text": "Porque vendrán contra él naves de Quitim; y él se contristará, y tornarse ha, y enojarse ha contra el santo concierto, y hará; y volverse ha, y pensará contra los que habrán desamparado el santo concierto."
            },
            {
               "verse": 31,
               "text": "Y serán puestos brazos de su parte, y contaminarán el santuario de fortaleza; y quitarán el continuo  sacrificio, y pondrán la abominación espantosa."
            },
            {
               "verse": 32,
               "text": "Y con lisonjas hará pecar a los violadores del concierto: mas el pueblo que conoce a su Dios se esforzará, y hará."
            },
            {
               "verse": 33,
               "text": "Y los sabios del pueblo darán sabiduría a muchos; y morirán a cuchillo, a fuego, y cautividad, y saco, por  algunos días."
            },
            {
               "verse": 34,
               "text": "Y en su caer serán ayudados de pequeño socorro; y muchos se juntarán con ellos con lisonjas."
            },
            {
               "verse": 35,
               "text": "Mas de los sabios caerán, para ser purgados, y limpiados, y emblanquecidos, hasta el tiempo determinado; porque aun para esto  hay plazo."
            },
            {
               "verse": 36,
               "text": "Y el rey hará a su voluntad; y ensoberbecerse ha, y engrandecerse ha sobre todo dios; y contra el Dios de los dioses hablará maravillas, y será prosperado, hasta que la ira sea acabada; porque hecha está determinación."
            },
            {
               "verse": 37,
               "text": "¶ Y del Dios de sus padres no hará caso, ni del amor de las mujeres: ni se cuidará de Dios alguno; porque sobre todo se engrandecerá."
            },
            {
               "verse": 38,
               "text": "Mas al dios Mauzim honrará en su lugar, dios que sus padres no conocieron: honrarle ha con oro, y plata, y piedras preciosas, y con cosas de gran precio."
            },
            {
               "verse": 39,
               "text": "Y con el dios ajeno que conocerá, hará castillos fuertes, ensanchará su gloria, y hacerlos ha señores sobre muchos, y repartirá la tierra por precio."
            },
            {
               "verse": 40,
               "text": "¶ Mas al cabo del tiempo el rey del mediodía se acorneará con él, y el rey del norte levantará contra él tempestad, con carros, y gente de a caballo, y muchos navíos; y entrará por las tierras, e inundará, y pasará."
            },
            {
               "verse": 41,
               "text": "Y vendrá en la tierra deseable, y muchas  provincias caerán: mas estas escaparán de su mano, Edom, y Moab, y lo primero de los hijos de Ammón."
            },
            {
               "verse": 42,
               "text": "Y extendará su mano a las tierras; y la tierra de Egipto no escapará."
            },
            {
               "verse": 43,
               "text": "Y apoderarse ha de los tesoros de oro y plata, y de todas las cosas preciosas de Egipto, de Libia, y Etiopía por donde pasará."
            },
            {
               "verse": 44,
               "text": "Mas nuevas de oriente y del norte le espantarán; y saldrá con grande ira para destruir y matar muchos."
            },
            {
               "verse": 45,
               "text": "Y plantará las tiendas de su palacio entre los mares, en el monte deseable del santuario; y vendrá hasta su fin, y no tendrá quien le ayude."
            }
         ]
      },
      {
         "chapter": 12,
         "verses": [
            {
               "verse": 1,
               "text": "Mas en aquel tiempo Micael el gran príncipe, que está por los hijos de tu pueblo, se levantará; y será tiempo de angustia, cual nunca fue después que hubo gente hasta entonces: mas en aquel tiempo tu pueblo escapará,  es a saber, todos los que se hallaren escritos en el libro."
            },
            {
               "verse": 2,
               "text": "Y muchos de los que duermen en el polvo de la tierra serán despertados, unos para vida eterna, y otros para vergüenza, y confusión perpetua."
            },
            {
               "verse": 3,
               "text": "Y los entendidos resplandecerán, como el resplandor del firmamento; y los que enseñan a justicia la multitud, como las estrellas a perpetua eternidad."
            },
            {
               "verse": 4,
               "text": "Tú pues, Daniel, cierra las palabras, y sella el libro hasta el tiempo del fin: pasarán muchos, y multiplicarse ha la ciencia."
            },
            {
               "verse": 5,
               "text": "Y yo Daniel miré, y he aquí otros dos que estaban, el uno de esta parte a la orilla del río, y el otro de la otra parte, a la orilla del río."
            },
            {
               "verse": 6,
               "text": "Y  uno dijo al varón vestido de lienzos, que  estaba sobre las aguas del río: ¿Cuándo  será el fin de las maravillas?"
            },
            {
               "verse": 7,
               "text": "Y oí al varón vestido de lienzos que  estaba sobre las aguas del río, el cual alzó su diestra y su siniestra al cielo, y juró por el viviente en los siglos: Que por tiempo, tiempos, y la mitad; y cuando se acabare el esparcimiento del escuadrón del pueblo santo, todas estas cosas serán cumplidas."
            },
            {
               "verse": 8,
               "text": "¶ Y yo oí, mas no entendí; y dije: Señor mío, ¿qué  es el cumplimiento de estas cosas?"
            },
            {
               "verse": 9,
               "text": "Y dijo: Anda, Daniel, que estas palabras  serán cerradas y selladas hasta el tiempo del cumplimiento."
            },
            {
               "verse": 10,
               "text": "Muchos serán limpios, y emblanquecidos, y purgados; e impíos se empeorarán, y ninguno de los impíos entenderá: mas entenderán los entendidos."
            },
            {
               "verse": 11,
               "text": "Mas desde el tiempo que fuere quitado el continuo  sacrificio, hasta la abominación espantosa,  habrá mil y doscientos y noventa días."
            },
            {
               "verse": 12,
               "text": "Bienaventurado el que esperare, y llegare hasta mil y trescientos y treinta y cinco días."
            },
            {
               "verse": 13,
               "text": "Y tú irás a el fin, y reposarás, y levantarte has en tu suerte al fin de los días."
            }
         ]
      }
   ]
}