{
   "book": "Nehemías",
   "chapters": [
      {
         "chapter": 1,
         "verses": [
            {
               "verse": 1,
               "text": "Las palabras de Nehemías, hijo de Hequelías. Y fue en el mes de Casleu, en el año veinte, yo estaba en Susán, la cabecera del reino."
            },
            {
               "verse": 2,
               "text": "Y vino Janani, uno de mis hermanos, él y  otros varones de Judá: y preguntéles por los Judíos escapados, que habían quedado de la cautividad, y por Jerusalem."
            },
            {
               "verse": 3,
               "text": "Y dijéronme: La resta, los que quedaron de la cautividad allí en la provincia,  están en gran mal y vergüenza: y el muro de Jerusalem derribado, y sus puertas quemadas a fuego."
            },
            {
               "verse": 4,
               "text": "Y fue, que como yo oí estas palabras, sentéme, y lloré, y enlutéme por  algunos días; y ayuné, y oré delante del Dios de los cielos,"
            },
            {
               "verse": 5,
               "text": "Y dije: Ruego, oh Jehová, Dios de los cielos, fuerte, grande, y terrible, que guarda el concierto y la misericordia a los que le aman, y guardan sus mandamientos:"
            },
            {
               "verse": 6,
               "text": "Sea ahora tu oído atento, y tus ojos abiertos, para oír la oración de tu siervo, que yo oro delante de ti hoy, día y noche, por los hijos de Israel tus siervos, y confieso los pecados de los hijos de Israel que pecamos contra ti: y yo, y la casa de mi padre hemos pecado:"
            },
            {
               "verse": 7,
               "text": "Rebelando nos hemos rebelado, y apostatado de ti, y no hemos guardado los mandamientos, y estatutos, y juicios, que mandaste a Moisés tu siervo."
            },
            {
               "verse": 8,
               "text": "Acuérdate ahora de la palabra que mandaste a Moisés tu siervo, diciendo: Vosotros prevaricaréis, y yo os esparciré en los pueblos:"
            },
            {
               "verse": 9,
               "text": "Y volveros heis a mí, y guardaréis mis mandamientos, y los haréis. Si fuere vuestro alanzamiento hasta el cabo de los cielos, de allí os juntaré: y traeros he al lugar que escogí para hacer habitar allí mi nombre."
            },
            {
               "verse": 10,
               "text": "Ellos pues  son tus siervos y tu pueblo, los cuales redimiste con tu fortaleza grande, y con tu mano fuerte."
            },
            {
               "verse": 11,
               "text": "Ruego, oh Jehová, sea ahora tu oído atento a la oración de tu siervo, y a la oración de tus siervos, que desean temer tu nombre; y da ahora buen suceso hoy a tu siervo: y dále gracia delante de aquel varón. Porque era yo el copero del rey."
            }
         ]
      },
      {
         "chapter": 2,
         "verses": [
            {
               "verse": 1,
               "text": "Y fue en el mes de Nisán, en el año veinte del rey Artaxerxes, el vino estaba delante de él; y tomé el vino, y di al rey: y no había estado triste delante de él."
            },
            {
               "verse": 2,
               "text": "Y díjome el rey: ¿Por qué es triste tu rostro, pues no estás enfermo? No  es esto sino mal de corazón. Entonces temí en gran manera,"
            },
            {
               "verse": 3,
               "text": "Y dije al rey: El rey viva para siempre: ¿por qué no será triste mi rostro, pues que la ciduad,  que es casa de los sepulcros de mis padres, es desierta, y sus puertas consumidas de fuego?"
            },
            {
               "verse": 4,
               "text": "Y díjome el rey: ¿Por qué cosa demandas? Entonces oré al Dios de los cielos,"
            },
            {
               "verse": 5,
               "text": "Y dije al rey: Si al rey place, y si agrada tu siervo delante de ti, demando que me envíes en Judá a la ciudad de los sepulcros de mis padres, y reedificarle he."
            },
            {
               "verse": 6,
               "text": "Entonces el rey me dijo, (y la reina estaba sentada junto a él:) ¿Hasta cuándo será tu viaje, y cuándo volverás? Y plugo al rey, y envióme, y  yo le di tiempo."
            },
            {
               "verse": 7,
               "text": "Y dije al rey: Si place al rey, dénseme cartas para los capitanes del otro lado del río, que me hagan pasar hasta que venga a Judá:"
            },
            {
               "verse": 8,
               "text": "Y carta para Asaf guarda del bosque del rey, que me dé madera para enmaderar los portales del palacio de la casa, y el muro de la ciudad, y la casa donde entraré. Y dióme el rey según  que era buena la mano de Jehová sobre mí."
            },
            {
               "verse": 9,
               "text": "Y vine a los capitanes del otro lado del río, y díles las cartas del rey: y el rey envió conmigo príncipes del ejército, y gente de a caballo."
            },
            {
               "verse": 10,
               "text": "Y oyéndo lo Sanaballat Horonita, y Tobías el siervo Ammonita, desplúgoles de grande desplacer, que viniese alguno para procurar el bien de los hijos de Israel."
            },
            {
               "verse": 11,
               "text": "Y vine a Jerusalem, y estuve allí tres días;"
            },
            {
               "verse": 12,
               "text": "Y levantéme de noche yo, y pocos varones conmigo, y no declaré a hombre lo que Dios había puesto en mi corazón que hiciese en Jerusalem; ni  había bestia conmigo, salvo la cabalgadura en que cabalgaba."
            },
            {
               "verse": 13,
               "text": "Y salí de noche por la puerta del valle hacia la fuente del dragón, y a la puerta del muladar: y consideré los muros de Jerusalem que estaban derribados, y sus puertas que eran consumidas del fuego."
            },
            {
               "verse": 14,
               "text": "Y pasé a la puerta de la fuente, y al estanque del rey: y no  hubo lugar por donde pasase la bestia  que estaba debajo de mí."
            },
            {
               "verse": 15,
               "text": "Y subí por el arroyo de noche, y consideré el muro, y volviendo entré por la puerta del valle, y volvíme."
            },
            {
               "verse": 16,
               "text": "Y los magistrados no supieron donde yo había ido, ni que había hecho; ni aun a los Judíos y sacerdotes, ni a los nobles y magistrados, ni a los demás que hacían la obra, hasta entonces  lo había declarado."
            },
            {
               "verse": 17,
               "text": "Y díjeles: Vosotros veis el mal en que estamos, que Jerusalem  está desierta, y sus puertas consumidas de fuego: veníd, y edifiquemos el muro de Jerusalem, y no seamos más en vergüenza."
            },
            {
               "verse": 18,
               "text": "Entonces les declaré la mano de mi Dios que era buena sobre mí; y asimismo las palabras del rey que me había dicho: y dijeron: Levantémosnos, y edifiquemos. Y confortaron sus manos para bien."
            },
            {
               "verse": 19,
               "text": "Y oyó lo Sanaballat Horonita, y Tobías el siervo Ammonita, y Gessem Árabe, y escarnecieron de nosotros, y nos despreciaron, diciendo: ¿Qué  es esto que hacéis vosotros? ¿Os rebeláis contra el rey?"
            },
            {
               "verse": 20,
               "text": "Y volvíles respuesta, y díjeles: Dios de los cielos él nos prosperará, y nosotros sus siervos nos levantaremos y edificaremos: que vosotros no tenéis parte, ni justicia, ni memoria en Jerusalem."
            }
         ]
      },
      {
         "chapter": 3,
         "verses": [
            {
               "verse": 1,
               "text": "Y levantóse Eliasib el gran sacerdote, y sus hermanos los sacerdotes, y edificaron la puerta de las ovejas. Ellos aparejaron, y levantaron sus puertas hasta la torre de Meah, aparejáronla hasta la torre de Hananeel."
            },
            {
               "verse": 2,
               "text": "Y junto a ella edificaron los varones de Jericó: y luego edificó Zacur, hijo de Amrí."
            },
            {
               "verse": 3,
               "text": "Y la puerta de los peces edificaron los hijos de Hasenaa: ellos la enmaderaron, y levantaron sus puertas, y sus cerraduras, y sus cerrojos."
            },
            {
               "verse": 4,
               "text": "Y junto a ellos restauró Meremot, hijo de Urías, hijo de Accus: y junto a ellos restauró Mesullam, hijo de Baraquías, hijo de Mesezabel. Junto a ellos restauró Sadoc, hijo de Baana."
            },
            {
               "verse": 5,
               "text": "Junto a ellos restauraron los Tecuitas: mas sus grandes no metieron su cerviz a la obra de su Señor."
            },
            {
               "verse": 6,
               "text": "Y la puerta vieja instauraron Joiada, hijo de Pasea, y Mesullam, hijo de Besodías: ellos la enmaderaron, y levantaron sus puertas, y sus cerraduras, y sus cerrojos."
            },
            {
               "verse": 7,
               "text": "Junto a ellos restauró Meltiás Gabaonita, y Jadón Meronotita, varones de Gabaón y de Maspa, por la silla del capitán de la otra parte del río."
            },
            {
               "verse": 8,
               "text": "Y junto a ellos restauró Uziel, hijo de Harhaías, de los plateros: y junto a él instauró Jananías, hijo de Haracaim, e instauraron a Jerusalem hasta el muro ancho."
            },
            {
               "verse": 9,
               "text": "Y junto a ellos restauró Refaias, hijo de Jur, príncipe de la mitad de la región de Jerusalem."
            },
            {
               "verse": 10,
               "text": "Y junto a ellos restauró Jedaías, hijo de Haruma, y hacia su casa: y juntó a él instauró Hattus, hijo de Hasebonías."
            },
            {
               "verse": 11,
               "text": "La otra medida restauró Melquías, hijo de Harim, y Hasub, hijo de Pahat-moab, y la torre de los hornos."
            },
            {
               "verse": 12,
               "text": "Junto a él restauró Sellum, hijo de Halohes, príncipe de la mitad de la región de Jerusalem, él y sus hijas."
            },
            {
               "verse": 13,
               "text": "La puerta del valle restauró Hanum, y los moradores de Zanoé: ellos la reedificaron, y levantaron sus puertas, sus cerraduras, y sus cerrojos, y mil codos en el muro hasta la puerta del muladar."
            },
            {
               "verse": 14,
               "text": "Y la puerta del muladar reedificó Melquías, hijo de Recab, príncipe de la provincia de Betacarem: él la reedificó, y levantó sus puertas, sus cerraduras, y sus cerrojos."
            },
            {
               "verse": 15,
               "text": "Y la puerta de la fuente restauró Sellum, hijo de Col-hoza, príncipe de la región de Maspa: él la reedificó, y la enmaderó, y levantó sus puertas, sus cerraduras, y sus cerrojos: y el muro del estanque de Sela hacia la huerta del rey, hasta las gradas que descienden de la ciudad de David."
            },
            {
               "verse": 16,
               "text": "Después de él restauró Nehemías, hijo de Azbuc, príncipe de la mitad de la región de Bet-sur, hasta delante de los sepulcros de David, y hasta el estanque labrado, y hasta la casa de los valientes."
            },
            {
               "verse": 17,
               "text": "Tras él restauraron los Levitas, Rehum, hijo de Bani: junto a él restauró Hasabías, príncipe de la mitad de la región de Ceila, en su región."
            },
            {
               "verse": 18,
               "text": "Después de él restauraron sus hermanos, Banai, hijo de Henedad, príncipe de la mitad de la región de Ceila."
            },
            {
               "verse": 19,
               "text": "Y junto a él restauró Ezer, hijo de Jesuá, príncipe de Mispa, la otra medida delante de la subida de las armas de la esquina."
            },
            {
               "verse": 20,
               "text": "Después de él se encendió e instauró Baruc, hijo de Zacai, la otra medida, desde la esquina hasta la puerta de la casa de Eliasib gran sacerdote."
            },
            {
               "verse": 21,
               "text": "Tras él restauró Meremot, hijo de Urías, hijo de Haccus, la otra medida, desde la entrada de la casa de Eliasib hasta el cabo de la casa de Eliasib."
            },
            {
               "verse": 22,
               "text": "Después de él restauraron los sacerdotes, los varones de la campiña."
            },
            {
               "verse": 23,
               "text": "Después de él restauró Ben-jamín y Hasub, hacia su casa: y después de él instauró Azarías, hijo de Maasías, hijo de Ananías, cerca de su casa."
            },
            {
               "verse": 24,
               "text": "Después de él restauró Benuí, hijo de Henadad, la otra medida, desde la casa de Azarías hasta la esquina, y hasta el rincón,"
            },
            {
               "verse": 25,
               "text": "Paal, hijo de Uzaí, delante de la esquina y la torre alta que sale de la casa del rey, que está en el patio de la cárcel: tras él Padaias, hijos de Faros."
            },
            {
               "verse": 26,
               "text": "Y los Natineos estuvieron en la fortaleza, hasta delante de la puerta de las aguas al oriente, y la torre que sale."
            },
            {
               "verse": 27,
               "text": "Después de él restauraron los Tecuitas la otra medida delante de la grande torre que sale, hasta el muro de la fortaleza."
            },
            {
               "verse": 28,
               "text": "Desde la puerta de los caballos restauraron los sacerdotes, cada uno delante de su casa."
            },
            {
               "verse": 29,
               "text": "Después de él restauró Sadoc, hijo de Immer delante de su casa: y después de él instauró Semaías, hijo de Sequenías, guarda de la puerta oriental."
            },
            {
               "verse": 30,
               "text": "Tras él restauró Jananías, hijo de Selemías, y Hanum el sexto hijo de Selef, la otra medida: después de él instauró Mesullam, hijo de Baraquías, delante de su cámara."
            },
            {
               "verse": 31,
               "text": "Después de él restauró Melquías, hijo del platero, hasta la casa de los Natineos; y los tratantes delante de la puerta del juicio, y hasta la sala de la esquina."
            },
            {
               "verse": 32,
               "text": "Y entre la sala de la esquina, hasta la puerta de las ovejas, restauraron los plateros y los tratantes."
            }
         ]
      },
      {
         "chapter": 4,
         "verses": [
            {
               "verse": 1,
               "text": "Y fue que como oyó Sanaballat que nosotros edificábamos el muro, encendiósele la ira, y se enojó en gran manera, e hizo escarnio de los Judíos:"
            },
            {
               "verse": 2,
               "text": "Y habló delante de sus hermanos, y del ejército de Samaria, y dijo: ¿Qué hacen estos Judíos flacos? ¿Hánles de permitir? ¿Han de sacrificar? ¿Han de acabar en  un día? ¿Han de resucitar de los montones del polvo las piedras que fueron quemadas?"
            },
            {
               "verse": 3,
               "text": "Y Tobías Ammonita estaba junto a él, el cual dijo: Aun lo que ellos edifican, si subiere  una zorra, derribará su muro de piedra."
            },
            {
               "verse": 4,
               "text": "Oye, oh Dios nuestro, que somos en menosprecio: y vuelve la vergüenza de ellos sobre su cabeza, y dálos en presa en la tierra de su cautiverio."
            },
            {
               "verse": 5,
               "text": "Y no cubras su iniquidad, ni su pecado sea raído de delante de tu faz: porque se airaron contra los que edificaban."
            },
            {
               "verse": 6,
               "text": "Mas edificámos el muro, y toda la muralla fue junta hasta su mitad: y el pueblo tuvo ánimo para obrar."
            },
            {
               "verse": 7,
               "text": "Y fue, que oyendo Sanaballat, y Tobías, y los Árabes, y los Ammonitas, y los de Azoto, que los muros de Jerusalem eran curados, porque ya los portillos comenzaban a cerrarse, encendióseles la ira mucho,"
            },
            {
               "verse": 8,
               "text": "Y conspiraron todos a una para venir a combatir a Jerusalem, y hacerle daño."
            },
            {
               "verse": 9,
               "text": "Entonces orámos a nuestro Dios y pusimos guardia sobre ellos de día y de noche, por causa de ellos."
            },
            {
               "verse": 10,
               "text": "Y dijo Judá: Las fuerzas de los que llevan son enflaquecidas, y la tierra es mucha, y no podemos edificar el muro."
            },
            {
               "verse": 11,
               "text": "Y nuestros enemigos dijeron: No sepan, ni vean, hasta que entremos en medio de ellos, y los matemos, y hagamos cesar la obra."
            },
            {
               "verse": 12,
               "text": "Y fue que como vinieron los Judíos que habitaban entre ellos, nos dieron aviso diez veces de todos los lugares donde volvían a nosotros."
            },
            {
               "verse": 13,
               "text": "Entonces puse por los bajos del lugar detrás del muro, y en las alturas de los peñascos puse el pueblo por familias, con sus espadas, con sus lanzas, y con sus arcos."
            },
            {
               "verse": 14,
               "text": "¶ Y miré, y levantéme, y dije a los principales, y a los magistrados, y al resto del pueblo: No temáis delante de ellos: del Señor grande y terrible os acordád; y peleád por vuestros hermanos, por vuestros hijos, y por vuestras hijas, por vuestras mujeres, y por vuestras casas."
            },
            {
               "verse": 15,
               "text": "Y fue que como oyeron nuestros enemigos que lo entendimos, Dios disipó su consejo, y nos volvimos todos al muro cada uno a su obra."
            },
            {
               "verse": 16,
               "text": "Mas fue, que desde aquel día la mitad de los mancebos hacían en la obra, y la otra mitad de ellos tenía lanzas, y escudos, y arcos, y corazas; y los príncipes  estaban tras toda la casa de Judá."
            },
            {
               "verse": 17,
               "text": "Los que edificaban en el muro, y los que llevaban cargas, y los que cargaban, con la una mano hacían en la obra, y en la otra tenían la espada."
            },
            {
               "verse": 18,
               "text": "Porque los que edificaban, cada uno tenía su espada ceñida sobre sus lomos, y  así edificaban: y el que tocaba la trompeta estaba junto a mí."
            },
            {
               "verse": 19,
               "text": "Y dije a los principales, y a los magistrados, y al resto del pueblo: La obra es grande y larga, y nosotros estamos apartados en el muro lejos los unos de los otros:"
            },
            {
               "verse": 20,
               "text": "En el lugar donde oyereis la voz de la trompeta, allí os juntaréis a nosotros: nuestro Dios peleará por nosotros."
            },
            {
               "verse": 21,
               "text": "Y nosotros hacíamos en la obra; y la mitad de ellos tenía lanzas desde la subida del alba hasta salir las estrellas."
            },
            {
               "verse": 22,
               "text": "También entonces dije al pueblo: Cada uno con su criado se quede dentro de Jerusalem, y nos hagan de noche centinela, y de día a la obra."
            },
            {
               "verse": 23,
               "text": "Y ni yo, ni mis hermanos, ni mis mozos, ni la gente de guardia que me seguía, desnudamos nuestro vestido: cada uno se desnudaba  solamente a las aguas."
            }
         ]
      },
      {
         "chapter": 5,
         "verses": [
            {
               "verse": 1,
               "text": "Entonces fue el clamor del pueblo y de sus mujeres grande contra los Judíos sus hermanos."
            },
            {
               "verse": 2,
               "text": "Y había quien decía: Nuestros hijos, y nuestras hijas,  y nosotros,  somos muchos: y hemos comprado grano para comer y vivir."
            },
            {
               "verse": 3,
               "text": "Y había  otros que decían: Nuestras tierras, y nuestras viñas, y nuestras casas hemos empeñado, para comprar grano en la hambre."
            },
            {
               "verse": 4,
               "text": "Y había  otros que decían: Hemos tomado emprestado dinero para el tributo del rey sobre nuestras tierras y nuestras viñas."
            },
            {
               "verse": 5,
               "text": "Y ahora como la carne de nuestros hermanos  es nuestra carne, como sus hijos  son también nuestros hijos: y, he aquí que nosotros sujetamos nuestros hijos y nuestras hijas en servidumbre, y hay  algunas de nuestras hijas sujetas, y no hay facultad en nuestras manos para rescatarlas; y nuestras tierras y nuestras viñas  son de otros."
            },
            {
               "verse": 6,
               "text": "Y enojéme en gran manera, cuando oí su clamor y estas palabras."
            },
            {
               "verse": 7,
               "text": "Y pensó mi corazón en mí, y reprendí a los principales, y a los magistrados, y díjeles: ¿Usura tomáis cada uno de vuestros hermanos? E hice contra ellos una grande junta,"
            },
            {
               "verse": 8,
               "text": "Y díjeles: Nosotros rescatamos a nuestros hermanos Judíos, que eran vendidos a las gentes, conforme a la facultad que  había en nosotros: ¿y vosotros aun vendéis a vuestros hermanos, y serán vendidos a nosotros? Y callaron, que no tuvieron que responder."
            },
            {
               "verse": 9,
               "text": "Y dije: No es bien lo que hacéis: ¿No andaréis en temor de nuestro Dios por la vergüenza de las gentes nuestras enemigas?"
            },
            {
               "verse": 10,
               "text": "Y también yo, y mis hermanos, y mis criados les habemos prestado dinero y grano: soltémosles ahora esta usura."
            },
            {
               "verse": 11,
               "text": "Ruégoos que les volváis hoy sus tierras, sus viñas, sus olivares, y sus casas, y la centésima  parte del dinero, y del grano, del vino, y del aceite que demandáis de ellos."
            },
            {
               "verse": 12,
               "text": "Y dijeron: Volveremos, y no les demandaremos: así haremos, como tú dices. Entonces convoqué los sacerdotes, y les juramenté que hiciesen conforme a esto."
            },
            {
               "verse": 13,
               "text": "Además de esto sacudí mi vestido, y dije: Así sacuda Dios de su casa y de su trabajo a todo varón que no cumpliere esto, y así sea sacudido y vacío. Y respondió toda la congregación: Amén: y alabaron a Jehová: e hizo el pueblo conforme a esto."
            },
            {
               "verse": 14,
               "text": "También desde el día que me mandó  el rey que fuese capitán de ellos en la tierra de Judá, desde el año veinte del rey Artaxerxes hasta el año treinta y dos, doce años, ni yo ni mis hermanos comimos el pan del capitán."
            },
            {
               "verse": 15,
               "text": "Mas los primeros capitanes que  fueron antes de mí, cargaron al pueblo, y tomaron de ellos por el pan y por el vino sobre cuarenta pesos de plata; además de esto, sus criados se enseñoreaban sobre el pueblo; mas yo no hice así a causa del temor de Dios."
            },
            {
               "verse": 16,
               "text": "Además de esto, en la obra de este muro instauré  mi parte, ni compramos heredad: y todos mis criados juntos estaban allí a la obra."
            },
            {
               "verse": 17,
               "text": "Ítem, los Judíos y los magistrados, ciento y cincuenta varones, y los que venían a nosotros de las gentes que  están en nuestros al derredores,  estaban a mi mesa."
            },
            {
               "verse": 18,
               "text": "Y lo que se aderezaba para cada día  era un buey, y seis ovejas escogidas; y aves también se aparejaban para mí: y cada diez días vino en toda abundancia: y con todo esto nunca busqué el pan del capitán, porque la servidumbre de este pueblo era grave."
            },
            {
               "verse": 19,
               "text": "Acuérdate de mí para bien, Dios mío, y de todo lo que hice a este pueblo."
            }
         ]
      },
      {
         "chapter": 6,
         "verses": [
            {
               "verse": 1,
               "text": "Y fue que como oyó Sanaballat, y Tobías, y Gessem el Árabe, y los demás nuestros enemigos, que había edificado el muro, y que no quedaba portillo en él, aunque hasta este tiempo no había puesto puertas en las portadas;"
            },
            {
               "verse": 2,
               "text": "Envió Sanaballat y Gessem a mí, diciendo: Ven, y concertarnos hemos juntos en las aldeas en el campo de Ono. Mas ellos habían pensado hacerme mal."
            },
            {
               "verse": 3,
               "text": "Y enviéles mensajeros, diciendo:  Yo hago una grande obra, y no puedo venir: porque cesará la obra dejándola yo para venir a vosotros."
            },
            {
               "verse": 4,
               "text": "Y enviaron a mí de esta misma manera por cuatro veces, y yo les respondí de la misma manera."
            },
            {
               "verse": 5,
               "text": "Y envió a mí Sanaballat de la misma manera la quinta vez su criado con la carta abierta en su mano,"
            },
            {
               "verse": 6,
               "text": "En la cual era escrito: En las gentes se ha oído, y Gasmu dice, que tú y los Judíos pensáis rebelaros; y que por eso edificas tú el muro, y tú eres su rey según estas palabras:"
            },
            {
               "verse": 7,
               "text": "Y que has puesto profetas que prediquen de ti en Jerusalem, diciendo: Rey en Judá. Y ahora serán oídas del rey las palabras semejantes: por tanto ven, y consultemos juntamente."
            },
            {
               "verse": 8,
               "text": "Entonces  yo envié a él, diciendo: No hay tal cosa como dices; que de tu corazón lo inventas tú."
            },
            {
               "verse": 9,
               "text": "Porque todos ellos nos ponen miedo, diciendo: Debilitarse han las manos de ellos en la obra, y no será hecha. Esfuerza pues mis manos."
            },
            {
               "verse": 10,
               "text": "Y vine a casa de Semaías, hijo de Dalaías, hijo de Metabeel en secreto, porque él estaba encarcelado, el cual dijo: Juntémosnos en la casa de Dios, dentro el templo, y cerremos las puertas del templo; porque vienen para matarte, y esta noche vendrán para matarte."
            },
            {
               "verse": 11,
               "text": "Entonces dije: ¿Varón como yo ha de huir? ¿Y quién  hay como yo que entre al templo y viva? No entraré."
            },
            {
               "verse": 12,
               "text": "Y entendí que Dios no le había enviado: mas que hablaba aquella profecía contra mí, y que Tobías o Sanaballat, le había alquilado por salario."
            },
            {
               "verse": 13,
               "text": "Porque alquilado fue para hacerme temer así, y que pecase, y fuése a ellos por mala nombradía, para que yo fuese avergonzado."
            },
            {
               "verse": 14,
               "text": "Acuérdate, Dios mío, de Tobías y de Sanaballat conforme a estas sus obras: y también de Noadías profetisa, y de los otros profetas que me ponían miedo."
            },
            {
               "verse": 15,
               "text": "Acabóse pues el muro a los veinte y cinco de Elul, en cincuenta y dos días."
            },
            {
               "verse": 16,
               "text": "Y como  lo oyeron todos nuestros enemigos, temieron todas las gentes que  estaban en nuestros al derredores, y cayeron mucho en sus ojos, y conocieron que por nuestro Dios había sido hecha esta obra."
            },
            {
               "verse": 17,
               "text": "Asimismo en aquellos días, de los principales de Judá iban muchas cartas a Tobías, y las de Tobías venían a ellos:"
            },
            {
               "verse": 18,
               "text": "Porque muchos en Judá habían conjurado con él; porque era yerno de Sequenías, hijo de Area; y Johanán su hijo había tomado la hija de Mosollam, hijo de Baraquías."
            },
            {
               "verse": 19,
               "text": "También contaban delante de mí sus buenas obras, y a él recitaban mis palabras. Cartas envió Tobías para atemorizarme."
            }
         ]
      },
      {
         "chapter": 7,
         "verses": [
            {
               "verse": 1,
               "text": "Y fue, que como el muro fue edificado, y asenté las puertas, y fueron señalados porteros, y cantores, y Levitas,"
            },
            {
               "verse": 2,
               "text": "Mandé a Janani mi hermano, y a Jananías príncipe del palacio en Jerusalem: porque este  era, como varón de verdad y temeroso de Dios, sobre muchos:"
            },
            {
               "verse": 3,
               "text": "Y díjeles: No se abran las puertas de Jerusalem hasta que el sol caliente: y aun ellos presentes, cierren las puertas, y atrancád. Y señalé guardias de los moradores de Jerusalem, cada uno en su guardia, y cada uno delante de su casa."
            },
            {
               "verse": 4,
               "text": "¶ Y la ciudad  era ancha de espacio y grande, y poco pueblo dentro de ella; que no  había aun casas edificadas."
            },
            {
               "verse": 5,
               "text": "Mas puso Dios en mi corazón que juntase los principales, y los magistrados, y el pueblo, para que fuesen empadronados por el orden de los linajes; y hallé el libro de la genealogía de los que habían subido antes, y hallé escrito en él:"
            },
            {
               "verse": 6,
               "text": "Estos  son los hijos de la provincia, que subieron de la cautividad de la transmigración, que hizo pasar Nabucodonosor rey de Babilonia, los cuales volvieron a Jerusalem y a Judá, cada uno a su ciudad."
            },
            {
               "verse": 7,
               "text": "Los cuales vinieron con Zorobabel, Jesuá, Nehemías, Azarías, Raamías, Nahamani, Mardoqueo, Bilsán, Misperet, Biguai, Nehum, Baana. La cuenta de los varones del pueblo de Israel:"
            },
            {
               "verse": 8,
               "text": "Los hijos de Faros, dos mil y ciento y setenta y dos."
            },
            {
               "verse": 9,
               "text": "Los hijos de Safatías, trescientos y setenta y dos."
            },
            {
               "verse": 10,
               "text": "Los hijos de Area, seiscientos y cincuenta y dos."
            },
            {
               "verse": 11,
               "text": "Los hijos de Pahat-moab, de los hijos de Jesuá, y de Joab, dos mil y ochocientos y diez y ocho."
            },
            {
               "verse": 12,
               "text": "Los hijos de Elam, mil y doscientos y cincuenta y cuatro."
            },
            {
               "verse": 13,
               "text": "Los hijos de Zattu, ochocientos y cuarenta y cinco."
            },
            {
               "verse": 14,
               "text": "Los hijos de Zecai, setecientos y sesenta."
            },
            {
               "verse": 15,
               "text": "Los hijos de Binui, seiscientos y cuarenta y ocho."
            },
            {
               "verse": 16,
               "text": "Los hijos de Bebai, seiscientos y veinte y ocho."
            },
            {
               "verse": 17,
               "text": "Los hijos de Azgad, dos mil y seiscientos y veinte y dos."
            },
            {
               "verse": 18,
               "text": "Los hijos de Adonicam, seiscientos y sesenta y siete."
            },
            {
               "verse": 19,
               "text": "Los hijos de Biguai, dos mil y sesenta y siete."
            },
            {
               "verse": 20,
               "text": "Los hijos de Addín, seiscientos y cincuenta y cinco."
            },
            {
               "verse": 21,
               "text": "Los hijos de Ater, de Ezequías, noventa y ocho."
            },
            {
               "verse": 22,
               "text": "Los hijos de Hasum, trescientos y veinte y ocho."
            },
            {
               "verse": 23,
               "text": "Los hijos de Besaí, trescientos y veinte y cuatro."
            },
            {
               "verse": 24,
               "text": "Los hijos de Harif, ciento y doce."
            },
            {
               "verse": 25,
               "text": "Los hijos de Gabaón, noventa y cinco."
            },
            {
               "verse": 26,
               "text": "Los varones de Belén y de Netofa, ciento y ochenta y ocho."
            },
            {
               "verse": 27,
               "text": "Los varones de Anatot, ciento y veinte y ocho."
            },
            {
               "verse": 28,
               "text": "Los varones de Bet-azmavet, cuarenta y dos."
            },
            {
               "verse": 29,
               "text": "Los varones de Cariat-jarim, Quefira y Beerot, setecientos y cuarenta y tres."
            },
            {
               "verse": 30,
               "text": "Los varones de Rama y de Gabaa, seiscientos y veinte y uno."
            },
            {
               "verse": 31,
               "text": "Los varones de Macmas, ciento y veinte y dos."
            },
            {
               "verse": 32,
               "text": "Los varones de Bet-el y de Ai, ciento y veinte y tres."
            },
            {
               "verse": 33,
               "text": "Los varones de la otra Nebo, cincuenta y dos."
            },
            {
               "verse": 34,
               "text": "Los hijos de la otra Elam, mil y doscientos y cincuenta y cuatro."
            },
            {
               "verse": 35,
               "text": "Los hijos de Harim, trescientos y veinte."
            },
            {
               "verse": 36,
               "text": "Los hijos de Jericó, trescientos y cuarenta y cinco."
            },
            {
               "verse": 37,
               "text": "Los hijos de Lod, Hadid, y de Ono, siete cientos y veinte y uno."
            },
            {
               "verse": 38,
               "text": "Los hijos de Senaa, tres mil y novecientos y treinta."
            },
            {
               "verse": 39,
               "text": "Sacerdotes: Los hijos de Jedaias de la casa de Jesuá, novecientos y setenta y tres."
            },
            {
               "verse": 40,
               "text": "Los hijos de Immer, mil y cincuenta y dos."
            },
            {
               "verse": 41,
               "text": "Los hijos de Fasur, mil y doscientos y cuarenta y siete."
            },
            {
               "verse": 42,
               "text": "Los hijos de Harim, mil y diez y siete."
            },
            {
               "verse": 43,
               "text": "Levitas: Los hijos de Jesuá, de Cadmiel, de los hijos de Odvia, setenta y cuatro."
            },
            {
               "verse": 44,
               "text": "Cantores: Los hijos de Asaf, ciento y cuarenta y ocho."
            },
            {
               "verse": 45,
               "text": "Porteros: Los hijos de Sellum, los hijos de Ater, los hijos de Talmón, los hijos de Accub, los hijos de Hatita, los hijos de Sobai, ciento y treinta y ocho."
            },
            {
               "verse": 46,
               "text": "Natineos: Los hijos de Siha, los hijos de Hasufa, los hijos de Tabaot,"
            },
            {
               "verse": 47,
               "text": "Los hijos de Ceros, los hijos de Sea, los hijos de Padón,"
            },
            {
               "verse": 48,
               "text": "Los hijos de Lebana, los hijos de Hagaba, los hijos de Salmai,"
            },
            {
               "verse": 49,
               "text": "Los hijos de Hanán, los hijos de Giddel, los hijos de Gahar,"
            },
            {
               "verse": 50,
               "text": "Los hijos de Reaia, los hijos de Resín, los hijos de Necoda,"
            },
            {
               "verse": 51,
               "text": "Los hijos de Gazzam, los hijos de Uzza, los hijos de Fasea,"
            },
            {
               "verse": 52,
               "text": "Los hijos de Besai, los hijos de Meunim, los hijos de Nefisesim,"
            },
            {
               "verse": 53,
               "text": "Los hijos de Bacbuc, los hijos de Hacufa, los hijos de Harur,"
            },
            {
               "verse": 54,
               "text": "Los hijos de Baslit, los hijos de Mehida, los hijos de Harsa,"
            },
            {
               "verse": 55,
               "text": "Los hijos de Barcos, los hijos de Sísera, los hijos de Tama,"
            },
            {
               "verse": 56,
               "text": "Los hijos de Nesia, los hijos de Hatifa."
            },
            {
               "verse": 57,
               "text": "Los hijos de los siervos de Salomón: los hijos de Sotai, los hijos de Soforet, los hijos de Perida,"
            },
            {
               "verse": 58,
               "text": "Los hijos de Jaala, los hijos de Darcón, los hijos de Giddel,"
            },
            {
               "verse": 59,
               "text": "Los hijos de Safatías, los hijos de Hatil, los hijos de Poqueret de Hasbaim, los hijos de Amón."
            },
            {
               "verse": 60,
               "text": "Todos los Natineos, e hijos de los siervos de Salomón, trescientos y noventa y dos."
            },
            {
               "verse": 61,
               "text": "Y estos  son los que subieron de Tel-mela, Tel-harsa, Querub, Addón, e Immer, los cuales no pudieron mostrar la casa de sus padres, y su linaje, si eran de Israel:"
            },
            {
               "verse": 62,
               "text": "Los hijos de Delaia, los hijos de Tobías, los hijos de Necoda, seiscientos y cuarenta y dos."
            },
            {
               "verse": 63,
               "text": "Y de los sacerdotes: los hijos de Hobaias, los hijos de Haccos, los hijos de Berzellai, que tomó mujer de las hijas de Berzellai Galaadita, y se llamó del nombre de ellas."
            },
            {
               "verse": 64,
               "text": "Estos buscaron su escritura de genealogías, y no fueron hallados, y fueron echados del sacerdocio."
            },
            {
               "verse": 65,
               "text": "Y díjoles el Tirsata, que no comiesen de la santidad de las santidades, hasta que hubiese sacerdote con Urim y Tumim."
            },
            {
               "verse": 66,
               "text": "Toda la congregación como un  varón, fueron cuarenta y dos mil y trescientos y sesenta,"
            },
            {
               "verse": 67,
               "text": "Sin sus siervos y siervas, los cuales  eran siete mil y trescientos y treinta y siete: y entre ellos  había cantores y cantoras, doscientos y cuarenta y cinco."
            },
            {
               "verse": 68,
               "text": "Sus caballos, siete cientos y treinta y seis: sus mulos, doscientos y cuarenta y cinco:"
            },
            {
               "verse": 69,
               "text": "Camellos, cuatrocientos y treinta y cinco: asnos, seis mil y siete cientos y veinte."
            },
            {
               "verse": 70,
               "text": "Y algunos de los príncipes de las familias dieron para la obra: el Tirsata dio para el tesoro mil dracmas de oro; tazones cincuenta; vestimentos sacerdotales quinientos y treinta."
            },
            {
               "verse": 71,
               "text": "Y de los príncipes de las familias dieron para el tesoro de la obra veinte mil dracmas de oro, y dos mil y doscientas libras de plata."
            },
            {
               "verse": 72,
               "text": "Y lo que dio el resto del pueblo  fue veinte mil dracmas de oro, y dos mil libras de plata, y vestiduras sacerdotales sesenta y siete."
            },
            {
               "verse": 73,
               "text": "Y habitaron los sacerdotes y los Levitas, y los porteros, y los cantores, y  los del pueblo, y los Natineos, y todo Israel, en sus ciudades: y venido el mes séptimo, los hijos de Israel estaban en sus ciudades."
            }
         ]
      },
      {
         "chapter": 8,
         "verses": [
            {
               "verse": 1,
               "text": "Y juntóse todo el pueblo, como un varón, en la plaza que  está delante de la puerta de las aguas, y dijeron a Ésdras el escriba, que trajese el libro de la ley de Moisés, la cual mandó Jehová a Israel."
            },
            {
               "verse": 2,
               "text": "Y Ésdras el sacerdote trajo la ley delante de la congregación así de varones como de mujeres, y de todo entendido para oír, el primer día del mes séptimo."
            },
            {
               "verse": 3,
               "text": "Y leyó en él delante de la plaza, que  está delante de la puerta de las aguas, desde el alba hasta el mediodía, delante de varones, y mujeres, y entendidos; y los oídos de todo el pueblo eran al libro de la ley."
            },
            {
               "verse": 4,
               "text": "Y Ésdras el escriba estaba sobre un púlpito de madera que habían hecho para ello: y estaban junto a él Matatías, y Semeías, y Anías, y Urías, y Helcías, y Maasías, a su mano derecha: y a su mano izquierda Padaias, Misael, y Melquías, y Hasum, y Hasbadana, Zacarías, y Mosollam."
            },
            {
               "verse": 5,
               "text": "Y abrió Ésdras el libro a ojos de todo el pueblo; (porque estaba sobre todo el pueblo;) y como  él le abrió, todo el pueblo estuvo atento."
            },
            {
               "verse": 6,
               "text": "Y bendijo Ésdras a Jehová Dios grande, y todo el pueblo respondió: Amén, Amén, alzando sus manos: y humilláronse, y adoraron a Jehová inclinados a tierra."
            },
            {
               "verse": 7,
               "text": "Y Jesuá, y Bani, y Sarabías, Jamín, Accub, Sebtai, Odías, Maasías, Celita, Azarías, Jozabed, Hanán, Palaías, Levitas, hacían entender al pueblo la ley: y el pueblo  estaba en su lugar."
            },
            {
               "verse": 8,
               "text": "Y leyeron en el libro de la ley de Dios claramente, y pusieron entendimiento, y entendieron la escritura."
            },
            {
               "verse": 9,
               "text": "Y dijo Nehemías el Tirsata, y Ésdras sacerdote escriba, y los Levitas que hacían atento al pueblo, a todo el pueblo: día santo es a Jehová nuestro Dios, no os entristezcáis ni lloréis: porque todo el pueblo lloraba oyendo las palabras de la ley."
            },
            {
               "verse": 10,
               "text": "Y díjoles: Id, coméd grosuras, y bebéd dulzaras, y enviád partes a los que no tienen aparejado, porque santo día es a nuestro Señor: y no os entristezcáis; porque el gozo de Jehová es vuestra fortaleza."
            },
            {
               "verse": 11,
               "text": "Y los Levitas hacían callar a todo el pueblo, diciendo: Callád, que es día santo, y no os entristezcáis."
            },
            {
               "verse": 12,
               "text": "Y todo el pueblo se fue a comer y a beber, y a enviar partes, y a alegrarse de grande alegría: porque había entendido las palabras que les habían enseñado."
            },
            {
               "verse": 13,
               "text": "¶ Y el día siguiente juntáronse los príncipes de las familias de todo el pueblo, sacerdotes y Levitas, a Ésdras escriba, para entender las palabras de la ley."
            },
            {
               "verse": 14,
               "text": "Y hallaron escrito en la ley, que Jehová había mandado por mano de Moisés, que habitasen los hijos de Israel en cabañas en la solemnidad del mes séptimo."
            },
            {
               "verse": 15,
               "text": "Y que hiciesen oír, y que hiciesen pasar pregón por todas sus ciudades, y por Jerusalem, diciendo: Salíd al monte, y traed ramos de oliva, y ramos de árbol de pino, y ramos de arrayan, y ramos de palmas, y ramos de  todo árbol espeso, para hacer cabañas, como  está escrito."
            },
            {
               "verse": 16,
               "text": "Y salió el pueblo, y trajeron, e hiciéronse cabañas, cada uno sobre su techumbre, y en sus patios, y en los patios de la casa de Dios, y en la plaza de la puerta de las aguas, y en la plaza de la puerta de Efraím."
            },
            {
               "verse": 17,
               "text": "Y toda la congregación que volvió de la cautividad hicieron cabañas, y habitaron en cabañas: porque desde los días de Josué, hijo de Nun, hasta aquel día no habían hecho así los hijos de Israel: y hubo alegría muy grande."
            },
            {
               "verse": 18,
               "text": "Y leyó en el libro de la ley de Dios cada día, desde el primer día hasta el postrero: e hicieron la solemnidad por siete días, y al octavo día congregación, según el rito."
            }
         ]
      },
      {
         "chapter": 9,
         "verses": [
            {
               "verse": 1,
               "text": "Y a los veinte y cuatro días de este mes, los hijos de Israel se juntaron en ayuno, y en cilicios, y tierra sobre sí."
            },
            {
               "verse": 2,
               "text": "Y habíase ya apartado la simiente de Israel de todos los extranjeros: y estando  en pie confesaron sus pecados, y las iniquidades de sus padres."
            },
            {
               "verse": 3,
               "text": "Y levantáronse sobre su lugar, y leyeron en el libro de la ley de Jehová su Dios la cuarta parte del día, y la cuarta parte confesaron, y adoraron a Jehová su Dios."
            },
            {
               "verse": 4,
               "text": "¶ Y levantáronse sobre la grada de los Levitas, Jesuá, y Bani, Cadmiel, Sabanías, Bunni, Serebías, Bani, y Canani, y clamaron a gran voz a Jehová su Dios."
            },
            {
               "verse": 5,
               "text": "Y dijeron los Levitas, Jesuá, y Cadmiel, Bani, Hasebnías, Serebías, Odaías, Sebnías, Petahías: Levantáos, bendecíd a Jehová vuestro Dios desde el siglo hasta el siglo: y bendigan el nombre de tu gloria, y alto sobre toda bendición y alabanza."
            },
            {
               "verse": 6,
               "text": "Tú, oh Jehová,  eres solo, tú hiciste los cielos y los cielos de los cielos, y todo su ejército: la tierra, y todo lo que  está en ella: las mares, y todo lo que  está en ellas: y vivificas todas estas cosas: y los ejércitos de los cielos te adoran."
            },
            {
               "verse": 7,
               "text": "Tú  eres, oh Jehová, el Dios que escogiste a Abraham, y le sacaste de Ur de los Caldeos, y pusiste su nombre Abraham."
            },
            {
               "verse": 8,
               "text": "Y hallaste fiel su corazón delante de ti, e hiciste con él alianza para darle la tierra del Cananeo, del Jetteo, y del Amorreo, y del Ferezeo, y del Jebuseo, y del Gergeseo, para dar la a su simiente: y cumpliste tu palabra, porque eres justo:"
            },
            {
               "verse": 9,
               "text": "Y miraste la aflicción de nuestros padres en Egipto, y oíste el clamor de ellos en el mar Bermejo."
            },
            {
               "verse": 10,
               "text": "Y diste señales y maravillas en Faraón, y en todos sus siervos, y en todo el pueblo de su tierra: porque sabías que habían hecho soberbiamente contra ellos, y te hiciste nombre grande, como  parece este día."
            },
            {
               "verse": 11,
               "text": "Y partiste la mar delante de ellos; y pasaron por medio de ella en seco: y a sus perseguidores echaste en los profundos, como una piedra en grandes aguas."
            },
            {
               "verse": 12,
               "text": "Y con columna de nube los guiaste de día, y con columna de fuego de noche, para alumbrarles el camino por donde habían de ir."
            },
            {
               "verse": 13,
               "text": "Y sobre el monte de Sinaí descendiste, y hablaste con ellos desde el cielo, y les diste juicios rectos, y leyes verdaderas, y estatutos y mandamientos buenos."
            },
            {
               "verse": 14,
               "text": "Y les notificaste el sábado de tu santidad; y les mandaste por mano de Moisés tu siervo mandamientos, y estatutos, y ley."
            },
            {
               "verse": 15,
               "text": "Y les diste pan del cielo en su hambre, y en su sed les sacaste aguas de la piedra: y les dijiste que entrasen a poseer la tierra, por la cual alzaste tu mano que se la habías de dar."
            },
            {
               "verse": 16,
               "text": "Mas ellos y nuestros padres hicieron soberbiamente, y endurecieron su cerviz, y no oyeron tus mandamientos,"
            },
            {
               "verse": 17,
               "text": "Y no quisieron oír, ni se acordaron de tus maravillas que habías hecho con ellos; mas endurecieron su cerviz, y pusieron cabeza para volverse a su servidumbre por su rebelión. Tú empero, Dios de perdones, clemente y piadoso, luengo de iras y de mucha misericordia, que no los dejaste."
            },
            {
               "verse": 18,
               "text": "Cuanto mas que hicieron para si becerro de fundición, y dijeron: Este  es tu Dios que te hizo subir de Egipto: e hicieron abominaciones grandes."
            },
            {
               "verse": 19,
               "text": "Empero tú, por tus muchas misericordias, no los dejaste en el desierto: la columna de nube no se apartó de ellos de día, para guiarlos por el camino, y la columna de fuego de noche, para alumbrarles el camino, por el cual habían de ir."
            },
            {
               "verse": 20,
               "text": "Y diste tu Espíritu bueno para enseñarles: y no detuviste tu man de su boca: y agua les diste en su sed."
            },
            {
               "verse": 21,
               "text": "Y los sustentaste cuarenta años en el desierto: de ninguna cosa tuvieron necesidad; sus vestidos no se envejecieron, ni sus pies se hincharon."
            },
            {
               "verse": 22,
               "text": "Y dísteles reinos y pueblos, y repartísteles la tierra por suertes: y poseyeron la tierra de Sejón, y la tierra del rey de Jesebón, y la tierra de Og rey de Basán."
            },
            {
               "verse": 23,
               "text": "Y multiplicaste sus hijos como las estrellas del cielo, y los metiste en la tierra, de la cual habías dicho a sus padres, que habían de entrar  en ella para heredarla:"
            },
            {
               "verse": 24,
               "text": "Porque los hijos vinieron y heredaron la tierra: y humillaste delante de ellos a los moradores de la tierra, los Cananeos, los cuales entregaste en su mano, y a sus reyes, y a los pueblos de la tierra, para que hiciesen de ellos a su voluntad."
            },
            {
               "verse": 25,
               "text": "Y tomaron ciudades fortalecidas, y tierra gruesa: y heredaron casas llenas de todo bien, cisternas hechas, viñas, y olivares, y muchos árboles de comer: y comieron, y se hartaron, y se engrosaron, y se deleitaron en tu grande bondad."
            },
            {
               "verse": 26,
               "text": "Y  te enojaron, y se rebelaron contra ti, y echaron tu ley tras sus espaldas, y mataron tus profetas que protestaban contra ellos para convertirlos a ti, e hicieron abominaciones grandes."
            },
            {
               "verse": 27,
               "text": "Y los entregaste en mano de sus enemigos, los cuales los afligieron: y en el tiempo de su tribulación clamaron a ti, y tú desde los cielos los oíste; y según tus muchas miseraciones, les dabas salvadores que los salvasen de mano de sus enemigos."
            },
            {
               "verse": 28,
               "text": "Mas en teniendo reposo, se volvían a hacer lo malo delante de ti: por lo cual los dejaste en mano de sus enemigos que se enseñorearon de ellos: mas convertidos clamaban otra vez a ti, y tú desde los cielos los oías, y según tus miseraciones los libraste muchos tiempos."
            },
            {
               "verse": 29,
               "text": "Y les protestaste que se volviesen a tu ley: mas ellos hicieron soberbiamente, y no oyeron tus mandamientos: y en tus juicios pecaron en ellos, los cuales si el hombre hiciere vivirá por ellos: y dieron hombro rehuidor, y endurecieron su cerviz, y no oyeron."
            },
            {
               "verse": 30,
               "text": "Y alargaste sobre ellos muchos años, y les protestaste con tu Espíritu por mano de tus profetas; mas no escucharon: por lo cual los entregaste en mano de los pueblos de las tierras."
            },
            {
               "verse": 31,
               "text": "Mas por tus muchas misericordias no los consumiste, ni los dejaste; porque eres Dios clemente y misericordioso."
            },
            {
               "verse": 32,
               "text": "¶ Ahora pues, Dios nuestro, Dios grande, fuerte, terrible, que guardas el concierto y la misericordia, no sea disminuido delante de ti todo el trabajo que nos ha alcanzado, a nuestros reyes, a nuestros príncipes, a nuestros sacerdotes, y a nuestros profetas, y a nuestros padres, y a todo tu pueblo, desde los días de los reyes de Asiria hasta este día."
            },
            {
               "verse": 33,
               "text": "Tú empero  eres justo en todo lo que ha venido sobre nosotros, porque verdad has hecho, y nosotros hemos hecho lo malo:"
            },
            {
               "verse": 34,
               "text": "Y nuestros reyes, nuestros príncipes, nuestros sacerdotes, y nuestros padres no hicieron tu ley, ni escucharon a tus mandamientos, y a tus testimonios con que les protestabas."
            },
            {
               "verse": 35,
               "text": "Y ellos en su reino, y en tu mucho bien que les diste, y en la tierra ancha y gruesa que diste delante de ellos, no te sirvieron, ni se convirtieron de sus malas obras."
            },
            {
               "verse": 36,
               "text": "He aquí que hoy somos siervos: y en la tierra que diste a nuestros padres para que comiesen su fruto y su bien, he aquí somos siervos."
            },
            {
               "verse": 37,
               "text": "Y se multiplica su fruto para los reyes que has puesto sobre nosotros por nuestros pecados, que se enseñorean sobre nuestros cuerpos, y sobre nuestras bestias, conforme a su voluntad: y estamos en grande angustia."
            },
            {
               "verse": 38,
               "text": "Y con todo eso nosotros hacemos fiel alianza, y  la escribimos signada de nuestros príncipes, de nuestros Levitas, y de nuestros sacerdotes."
            }
         ]
      },
      {
         "chapter": 10,
         "verses": [
            {
               "verse": 1,
               "text": "Y entre los signados  fueron Nehemías el Tirsata, hijo de Haquela, y Sedecías,"
            },
            {
               "verse": 2,
               "text": "Saraías, Azarías, Jeremías,"
            },
            {
               "verse": 3,
               "text": "Fasur, Amarías, Melquías,"
            },
            {
               "verse": 4,
               "text": "Hattus, Sebenías, Malluc,"
            },
            {
               "verse": 5,
               "text": "Harim, Meremot, Abdías,"
            },
            {
               "verse": 6,
               "text": "Daniel, Ginetón, Baruc,"
            },
            {
               "verse": 7,
               "text": "Mesullam, Abías, Mijamín,"
            },
            {
               "verse": 8,
               "text": "Maazías, Bilgai, Semeías: estos sacerdotes."
            },
            {
               "verse": 9,
               "text": "Y Levitas: Jesuá, hijo de Azanias, Binnui de los hijos de Henadad, Cadmiel;"
            },
            {
               "verse": 10,
               "text": "Y sus hermanos, Sebanías, Odaia, Celita, Pelaías, Hanán,"
            },
            {
               "verse": 11,
               "text": "Mica, Rehob, Hasabias,"
            },
            {
               "verse": 12,
               "text": "Zacur, Serebías, Sebanías,"
            },
            {
               "verse": 13,
               "text": "Odaia, Bani, Beninu."
            },
            {
               "verse": 14,
               "text": "Cabeceras del pueblo: Faros, Pahat-moab, Elam, Zattu, Bani,"
            },
            {
               "verse": 15,
               "text": "Bunni, Azgad, Bebai,"
            },
            {
               "verse": 16,
               "text": "Adonías, Biguai, Adín,"
            },
            {
               "verse": 17,
               "text": "Ater, Hizcijas, Azur,"
            },
            {
               "verse": 18,
               "text": "Odaia, Hasum, Besai,"
            },
            {
               "verse": 19,
               "text": "Harif, Anatot, Nebai,"
            },
            {
               "verse": 20,
               "text": "Magpias, Mesullam, Hezir,"
            },
            {
               "verse": 21,
               "text": "Mesezabel, Sadoc, Jadúa,"
            },
            {
               "verse": 22,
               "text": "Pelatías, Hanán, Anaías,"
            },
            {
               "verse": 23,
               "text": "Hoseas, Jananías, Hasub,"
            },
            {
               "verse": 24,
               "text": "Halohes, Pilha, Sobec,"
            },
            {
               "verse": 25,
               "text": "Rehum, Hasabna, Maasías,"
            },
            {
               "verse": 26,
               "text": "Y Ahijas, Hanán, Anán,"
            },
            {
               "verse": 27,
               "text": "Malluc, Harim, Baana."
            },
            {
               "verse": 28,
               "text": "Y el resto del pueblo, sacerdotes, Levitas, y porteros, y cantores, Natineos, y todos los apartados de los pueblos de las tierras a la ley de Dios, sus mujeres, sus hijos, y sus hijas, y todo sabio y entendido;"
            },
            {
               "verse": 29,
               "text": "¶ Fortificados con sus hermanos, sus nobles, vinieron en la jura y en el juramento, que andarían en la ley de Dios que fue dada por mano de Moisés siervo de Dios, y que guardarían, y harían todos los mandamientos de Jehová nuestro Señor, y sus juicios, y sus estatutos;"
            },
            {
               "verse": 30,
               "text": "Y que no daríamos nuestras hijas a los pueblos de la tierra, ni tomaríamos sus hijas para nuestros hijos:"
            },
            {
               "verse": 31,
               "text": "Y que los pueblos de la tierra que trajesen a vender mercaderías, y cualquier grano en día de sábado, no  lo tomaríamos de ellos en sábado, ni en día santo; y que dejaríamos el año séptimo, y deuda de toda mano."
            },
            {
               "verse": 32,
               "text": "Y pusimos sobre nosotros mandamientos, para imponer sobre nosotros la tercera parte de un siclo aquel año, para la obra de la casa de nuestro Dios;"
            },
            {
               "verse": 33,
               "text": "Para el pan de la proposición, y para el presente continuo, y para el holocausto continuo, y de los sábados, y de las nuevas lunas, y de las festividades, y para las santificaciones, y para las expiaciones para expiar a Israel, y para toda la obra de la casa de nuestro Dios."
            },
            {
               "verse": 34,
               "text": "Y echamos las suertes acerca de la ofrenda de la leña, los sacerdotes, los Levitas, y el pueblo, para traer la a la casa de nuestro Dios, a la casa de nuestros padres, en los tiempos determinados cada un año, para quemar sobre el altar de Jehová nuestro Dios, como está escrito en la ley."
            },
            {
               "verse": 35,
               "text": "Y que traeríamos las primicias de nuestra tierra, y las primicias de todo fruto de todo árbol cada año a la casa de Jehová."
            },
            {
               "verse": 36,
               "text": "Asimismo los primogénitos de nuestros hijos, y de nuestras bestias, como está escrito en la ley, y los primogénitos de nuestras vacas, y de nuestras ovejas, traeríamos a la casa de nuestro Dios, a los sacerdotes que ministran en la casa de nuestro Dios."
            },
            {
               "verse": 37,
               "text": "Y las primicias de nuestras masas, y de nuestras ofrendas, y del fruto de todo árbol, del vino, y del aceite, traeríamos a los sacerdotes a las cámaras de la casa de nuestro Dios; y el diezmo de nuestra tierra a los Levitas: y que los Levitas recibirían las décimas de nuestros trabajos en todas las ciudades."
            },
            {
               "verse": 38,
               "text": "Y que estaría el sacerdote, hijo de Aarón, con los Levitas, cuando los Levitas recibirían el diezmo: y que los Levitas ofrecerían el diezmo del diezmo en la casa de nuestro Dios, en las cámaras, en la casa del tesoro."
            },
            {
               "verse": 39,
               "text": "Porque a las cámaras llevarán los hijos de Israel y los hijos de Leví la ofrenda del grano, del vino, y del aceite: y allí estarán los vasos del santuario, y los sacerdotes que ministran, y los porteros, y los cantores: y que no dejaríamos la casa de nuestro Dios."
            }
         ]
      },
      {
         "chapter": 11,
         "verses": [
            {
               "verse": 1,
               "text": "Y habitaron los príncipes del pueblo en Jerusalem, y el resto del pueblo echaron suertes para traer uno de diez que morase en Jerusalem ciudad santa, y las nueve partes en las ciudades."
            },
            {
               "verse": 2,
               "text": "Y bendijo el pueblo a todos los varones que voluntariamente se ofrecieron a morar en Jerusalem."
            },
            {
               "verse": 3,
               "text": "Y estos  son las cabezas de la provincia que moraron en Jerusalem: y en las ciudades de Judá habitaron cada uno en su posesión en sus ciudades, de Israel, de los sacerdotes, y Levitas, y Natineos, y de los hijos de los siervos de Salomón."
            },
            {
               "verse": 4,
               "text": "Y en Jerusalem habitaron, de los hijos de Judá, y de los hijos de Ben-jamín. De los hijos de Judá: Ataias, hijo de Uzías, hijo de Zacarías, hijo de Amarías, hijo de Sefatías, hijo de Mahalaleel, de los hijos de Fares;"
            },
            {
               "verse": 5,
               "text": "Y Maasías, hijo de Baruc, hijo de Col-hoza, hijo de Hazaias, hijo de Adaias, hijo de Joiarib, hijo de Zacarías, hijo de Hasiloni."
            },
            {
               "verse": 6,
               "text": "Todos los hijos de Fares que moraron en Jerusalem  fueron cuatrocientos y sesenta y ocho varones fuertes."
            },
            {
               "verse": 7,
               "text": "Y estos  son los hijos de Ben-jamín: Salú, hijo de Mesullam, hijo de Joed, hijo de Pedaías, hijo de Colaías, hijo de Maasías, hijo de Itiel, hijo de Jesaías."
            },
            {
               "verse": 8,
               "text": "Y tras él, Gabbai, Sallai, novecientos y veinte y ocho."
            },
            {
               "verse": 9,
               "text": "Y Joel, hijo de Zicri, prepósito sobre ellos, y Jehúdas, hijo de Senuas, sobre la ciudad segundo."
            },
            {
               "verse": 10,
               "text": "De los sacerdotes: Jedaias, hijo de Joiarib, Jaquín,"
            },
            {
               "verse": 11,
               "text": "Seraias, hijo de Hilcías, hijo de Mesullam, hijo de Sadoc, hijo de Meraiot, hijo de Ahitub, príncipe de la casa de Dios."
            },
            {
               "verse": 12,
               "text": "Y sus hermanos los que hacían la obra de la casa, ochocientos y veinte y dos: y Adaias hijo de Jeroham, hijo de Pelalias, hijo de Amsí, hijo de Zacarías, hijo de Fasur, hijo de Melquías."
            },
            {
               "verse": 13,
               "text": "Y sus hermanos príncipes de familias, doscientos y cuarenta y dos: y Amasai, hijo de Azarel, hijo de Ahazai, hijo de Mesillemot, hijo de Jemmer."
            },
            {
               "verse": 14,
               "text": "Y sus hermanos valientes de fuerza ciento y veinte y ocho: capitán de los cuales era Zabdiel, hijo de Hagedolim."
            },
            {
               "verse": 15,
               "text": "Y de los Levitas: Semaías, hijo de Hasub, hijo de Azricán, hijo de Hasabias, hijo de Buni."
            },
            {
               "verse": 16,
               "text": "Y Sabetai y Jozabad sobre la obra de fuera de la casa de Dios, de los principales de los Levitas."
            },
            {
               "verse": 17,
               "text": "Y Matanías, hijo de Mica, hijo de Zabdi, hijo de Asaf, príncipe, el primero que comienza las alabanzas y acciones de gracias en la oración; Bacbucías el segundo de sus hermanos, y Abda, hijo de Samúa, hijo de Galal, hijo de Iditún."
            },
            {
               "verse": 18,
               "text": "Todos los Levitas en la santa ciudad  fueron doscientos y ochenta y cuatro."
            },
            {
               "verse": 19,
               "text": "Y los porteros: Accub, Talmón, y sus hermanos, guardias en las puertas, ciento y setenta y dos."
            },
            {
               "verse": 20,
               "text": "Y el resto de Israel, de los sacerdotes, de los Levitas en todas las ciudades de Judá, cada uno en su herencia."
            },
            {
               "verse": 21,
               "text": "Y los Natineos habitaban en la fortaleza: y Siha y Gispa  eran sobre los Natineos."
            },
            {
               "verse": 22,
               "text": "Y el prepósito de los Levitas en Jerusalem  era Uzzi, hijo de Bani, hijo de Hasabias, hijo de Matanías, hijo de Micas, de los hijos de Asaf, cantores sobre la obra de la casa de Dios."
            },
            {
               "verse": 23,
               "text": "Porque  había mandamiento del rey acerca de ellos, y determinación acerca de los cantores, para cada día."
            },
            {
               "verse": 24,
               "text": "Y Petahías, hijo de Mesezabel, de los hijos de Zera, hijo de Judá,  era a la mano del rey en todo negocio del pueblo."
            },
            {
               "verse": 25,
               "text": "Y en las aldeas, en sus tierras, de los hijos de Judá habitaron en Cariat-arbe, y en sus aldeas, y en Dibón, y en sus aldeas, y en Jecabseel, y en sus aldeas,"
            },
            {
               "verse": 26,
               "text": "Y en Jesuá, y Molada, y en Bet-pelet,"
            },
            {
               "verse": 27,
               "text": "Y en Hasar-sual, y en Beer-seba, y en sus aldeas,"
            },
            {
               "verse": 28,
               "text": "Y en Siceleg, y en Meconac, y en sus aldeas,"
            },
            {
               "verse": 29,
               "text": "Y en En-rimmón, y en Sora, y en Jermut,"
            },
            {
               "verse": 30,
               "text": "Zanoa, Adullam, y en sus aldeas, Laquis, y en sus tierras, Azeca y sus aldeas; y habitaron desde Beer-seba hasta Gehinnom."
            },
            {
               "verse": 31,
               "text": "Y los hijos de Ben-jamín, desde Giba, Macmas, y Aia, y Bet-el, y sus aldeas,"
            },
            {
               "verse": 32,
               "text": "Anatot, Nob, Ananía,"
            },
            {
               "verse": 33,
               "text": "Hasor, Rama, Gittaim,"
            },
            {
               "verse": 34,
               "text": "Hadid, Seboim, Neballat,"
            },
            {
               "verse": 35,
               "text": "Lod, y Ono, en el valle de los artífices."
            },
            {
               "verse": 36,
               "text": "Y  algunos de los Levitas en los repartimientos de Judá y de Ben-jamín."
            }
         ]
      },
      {
         "chapter": 12,
         "verses": [
            {
               "verse": 1,
               "text": "Y estos  son los sacerdotes y los Levitas que subieron con Zorobabel, hijo de Salatiel, y con Jesuá: Saraías, Jeremías, Ésdras,"
            },
            {
               "verse": 2,
               "text": "Amarías, Malluc, Hattus,"
            },
            {
               "verse": 3,
               "text": "Sequanías, Rehum, Meremot,"
            },
            {
               "verse": 4,
               "text": "Iddo, Gineto, Abías,"
            },
            {
               "verse": 5,
               "text": "Mijamín, Maadias, Bilga,"
            },
            {
               "verse": 6,
               "text": "Samaías, y Joiarib, Jedaias,"
            },
            {
               "verse": 7,
               "text": "Sellum, Amoc, Hilcías, Jedaias. Estos  eran príncipes de los sacerdotes y sus hermanos en los días de Jesuá."
            },
            {
               "verse": 8,
               "text": "Y los Levitas  fueron Jesuá, Binnui, Cadmiel, Serebías, Judá, Matanías, sobre los himnos, y sus hermanos."
            },
            {
               "verse": 9,
               "text": "Y Bacbucías, y Unni, sus hermanos, delante de ellos en las guardas."
            },
            {
               "verse": 10,
               "text": "Y Jesuá engendró a Joiacim, y Joiacim engendró a Eliasib, y Eliasib engendró a Joiada,"
            },
            {
               "verse": 11,
               "text": "Y Joiada engendró a Jonatán, y Jonatán engendró a Jaddua."
            },
            {
               "verse": 12,
               "text": "Y en los días de Joiacim fueron los sacerdotes cabezas de familias: a Seraias, Meraias; a Jeremías, Jananias;"
            },
            {
               "verse": 13,
               "text": "A Ésdras, Mesullam; a Amarías, Johanán;"
            },
            {
               "verse": 14,
               "text": "A Melicú, Jonatán; a Sequanías, José;"
            },
            {
               "verse": 15,
               "text": "A Harim, Adna; a Meraiot, Helcai;"
            },
            {
               "verse": 16,
               "text": "A Iddo, Zacarías; a Ginnetón, Mesullam;"
            },
            {
               "verse": 17,
               "text": "A Abiias, Ziqui; a Minjamín, Moadias, Piltai;"
            },
            {
               "verse": 18,
               "text": "A Bilga, Sammua; a Semaías, Jonatán;"
            },
            {
               "verse": 19,
               "text": "A Joiarib, Matenai; a Jedaias, Uzzi;"
            },
            {
               "verse": 20,
               "text": "A Sellai, Callai; a Amoc, Eber;"
            },
            {
               "verse": 21,
               "text": "A Hilcías, Hasabías; a Jedaias, Natanael."
            },
            {
               "verse": 22,
               "text": "Los Levitas en los días de Eliasib, de Joiada, y de Johanán, y de Jaddua  fueron escritos cabezas de familias: y los sacerdotes, hasta el reinado de Darío el Persa."
            },
            {
               "verse": 23,
               "text": "Los hijos de Leví, que fueron escritos cabezas de familias en el libro de las crónicas hasta los días de Johanán, hijo de Eliasib:"
            },
            {
               "verse": 24,
               "text": "Las cabezas de los Levitas  fueron Hasabías, Serebías, y Jesuá, hijo de Cadmiel, y sus hermanos, delante de ellos, para alabar y para glorificar, conforme al estatuto de David varón de Dios, guarda contra guarda."
            },
            {
               "verse": 25,
               "text": "Matanías, y Bacbucías, Abdías, Mosollam, Talmón, Accub, guardas, porteros en la guarda en las entradas de las puertas."
            },
            {
               "verse": 26,
               "text": "Estos  fueron en los días de Joiacim, hijo de Jesuá, hijo de Josedec, y en los días de Nehemías capitán, y de Ésdras sacerdote, escriba."
            },
            {
               "verse": 27,
               "text": "¶ Y en la dedicación del muro de Jerusalem buscaron a los Levitas de todos sus lugares, para traerlos a Jerusalem, para hacer la dedicación y la alegría con alabanzas y con cantar, con címbalos, salterios, y cítaras."
            },
            {
               "verse": 28,
               "text": "Y fueron congregados los hijos de los cantores, así de la campiña al rededor de Jerusalem, como de las aldeas de Netofati,"
            },
            {
               "verse": 29,
               "text": "Y de la casa de Gálgala, y de los campos de Geba, y de Azmavet: porque los cantores se habían edificado aldeas al derredor de Jerusalem."
            },
            {
               "verse": 30,
               "text": "Y fueron purificados los sacerdotes y los Levitas, y purificaron al pueblo, y las puertas, y el muro."
            },
            {
               "verse": 31,
               "text": "E hice subir a los príncipes de Judá sobre el muro, y puse dos coros grandes, y procesiones,  la una iba a la mano derecha sobre el muro hacia la puerta del muladar."
            },
            {
               "verse": 32,
               "text": "E iba tras de ellos Osaías, y la mitad de los príncipes de Judá,"
            },
            {
               "verse": 33,
               "text": "Y Azarías, Ésdras, y Mesullam,"
            },
            {
               "verse": 34,
               "text": "Judá, y Ben-jamín, y Semaías, y Jeremías."
            },
            {
               "verse": 35,
               "text": "Y de los hijos de los sacerdotes con trompetas; Zacarías, hijo de Jonatán, hijo de Semaías, hijo de Matanías, hijo de Micaias, hijo de Zacur, hijo de Asaf,"
            },
            {
               "verse": 36,
               "text": "Y sus hermanos Semaías, y Azarael, Milalai, Gilelai, Maai, Natanael, y Judá, Janani, con los instrumentos músicos de David varón de Dios; y Ésdras escriba delante de ellos."
            },
            {
               "verse": 37,
               "text": "Y a la puerta de la fuente, y delante de ellos, subieron por las gradas de la ciudad de David, por la subida del muro, desde la casa de David hasta la puerta de las aguas al oriente."
            },
            {
               "verse": 38,
               "text": "Y el segundo coro iba al contrario, y yo en pos de él, y la mitad del pueblo, sobre el muro, desde la torre de los hornos hasta el muro ancho;"
            },
            {
               "verse": 39,
               "text": "Y desde la puerta de Efraím hasta la puerta vieja, y a la puerta de los peces, y la torre de Hananeel, y la torre de Emat hasta la puerta de las ovejas: y pararon en la puerta de la cárcel."
            },
            {
               "verse": 40,
               "text": "Y pararon los dos coros en la casa de Dios: y yo, y la mitad de los magistrados conmigo:"
            },
            {
               "verse": 41,
               "text": "Y los sacerdotes Eliacim, Maasías, Minjamín, Micaias, Elioenai, Zacarías, Jananías, con trompetas;"
            },
            {
               "verse": 42,
               "text": "Y Maasías, y Semeías, y Eleazar, y Uzzi, y Johanán, y Malquías, y Elam, y Ezer: e hicieron oír  su voz los cantores, y Jezraia el prepósito."
            },
            {
               "verse": 43,
               "text": "Y sacrificaron aquel día grandes víctimas, e hicieron alegrías; porque Dios los había alegrado de grande alegría: y aun también las mujeres y los muchachos se alegraron, y la alegría de Jerusalem fue oída lejos."
            },
            {
               "verse": 44,
               "text": "¶ Y fueron puestos en aquel día varones sobre las cámaras de los tesoros, de las ofrendas, de las primicias, y de las décimas, para juntar en ellas de los campos de las ciudades las porciones legales para los sacerdotes, y para los Levitas: porque la alegría de Judá era sobre los sacerdotes y Levitas que asistían."
            },
            {
               "verse": 45,
               "text": "Y guardaban la observancia de su Dios, y la observancia de la expiación, y los cantores, y los porteros, conforme al estatuto de David, y de Salomón su hijo."
            },
            {
               "verse": 46,
               "text": "Porque desde el tiempo de David y de Asaf, y de antes,  había príncipes de cantores, y cántico, y alabanza, y acción de gracias a Dios."
            },
            {
               "verse": 47,
               "text": "Y todo Israel en los días de Zorobabel, y en días de Nehemías daba raciones a los cantores, y a los porteros, cada cosa en su día: y santificaban a los Levitas, y los Levitas santificaban a los hijos de Aarón."
            }
         ]
      },
      {
         "chapter": 13,
         "verses": [
            {
               "verse": 1,
               "text": "Aquel día se leyó en el libro de Moisés, oyéndolo el pueblo: y fue hallado escrito en él, que los Ammonitas y Moabitas no entren para siempre en la congregación de Dios:"
            },
            {
               "verse": 2,
               "text": "Por cuanto no salieron a recibir a los hijos de Israel con pan y con agua; antes alquilaron contra él a Balaam para maldecirle: mas nuestro Dios volvió la maldición en bendición."
            },
            {
               "verse": 3,
               "text": "Y fue que como oyeron la ley, apartaron todo la mistura de Israel."
            },
            {
               "verse": 4,
               "text": "Y antes de esto Eliasib sacerdote había sido prepósito de la cámara de la casa de nuestro Dios,  y era pariente de Tobías."
            },
            {
               "verse": 5,
               "text": "Y le había hecho una grande cámara en la cual antes guardaban el presente, el perfume, y los vasos, y el diezmo del grano, y del vino, y del aceite, que era mandado  dar a los Levitas, y a los cantores, y a los porteros; y la ofrenda de los sacerdotes."
            },
            {
               "verse": 6,
               "text": "Mas a todo esto yo no estaba en Jerusalem: porque el año treinta y dos de Artaxerxes rey de Babilonia vine al rey: y al cabo de días fui enviado del rey."
            },
            {
               "verse": 7,
               "text": "Y venido a Jerusalem entendí el mal que había hecho Eliasib para Tobías, haciendo para él cámara en los patios de la casa de Dios."
            },
            {
               "verse": 8,
               "text": "Y pesóme en gran manera, y eché todas las alhajas de la casa de Tobías fuera de la cámara."
            },
            {
               "verse": 9,
               "text": "Y dije, que limpiasen las cámaras: y volví allí las alhajas de la casa de Dios, en presente, y el perfume."
            },
            {
               "verse": 10,
               "text": "¶ Y entendí que las partes de los Levitas no habían sido dadas: y que cada uno se había huido a su heredad, los Levitas y los cantores que hacían la obra."
            },
            {
               "verse": 11,
               "text": "Y reprendí a los magistrados, y dije: ¿Por qué es desamparada la casa de Dios? Y los junté, y los puse en su lugar."
            },
            {
               "verse": 12,
               "text": "Y toda Judá trajo el diezmo del grano, del vino, y del aceite a los cilleros."
            },
            {
               "verse": 13,
               "text": "Y puse sobre los cilleros a Selemías sacerdote, y a Sadoc escriba, y a Padaias de los Levitas, y junto a su mano, a Hanán, hijo de Zacur, hijo de Matanías, que eran tenidos por fieles: y de ellos  era el repartir a sus hermanos."
            },
            {
               "verse": 14,
               "text": "Acuérdate de mí, oh Dios, por esto: y no raigas mis misericordias que hice en la casa de mi Dios, y en sus guardas."
            },
            {
               "verse": 15,
               "text": "¶ En aquellos días ví en Judá  algunos que pisaban lagares en sábado, y que traían los montones, y que cargaban asnos de vino, y de uvas, y de higos, y de toda carga, y traían a Jerusalem en día de sábado: e hice testigos el día que vendían el mantenimiento."
            },
            {
               "verse": 16,
               "text": "También estaban en ella Tirios que traían pescado, y toda mercadería: y vendían en sábado a los hijos de Judá en Jerusalem."
            },
            {
               "verse": 17,
               "text": "Y reprendí a los señores de Judá, y díjeles: ¿Qué mala cosa  es esta que vosotros hacéis, que profanáis el día del sábado?"
            },
            {
               "verse": 18,
               "text": "¿No hicieron así vuestros padres, y trajo nuestro Dios sobre nosotros todo este mal, y sobre esta ciudad? y vosotros añadís ira sobre Israel profanando el sábado."
            },
            {
               "verse": 19,
               "text": "Y fue que como la sombra llegó a las puertas de Jerusalem antes del sábado, dije que se cerrasen las puertas, y dije que no las abriesen hasta después del sábado: y puse a las puertas  algunos de mis criados, para que no entrase carga en día de sábado."
            },
            {
               "verse": 20,
               "text": "Y se quedaron fuera de Jerusalem una y dos veces los negociantes, y los que vendían toda cosa:"
            },
            {
               "verse": 21,
               "text": "Y les protesté, y les dije: ¿Por qué quedáis vosotros delante del muro? Si lo hacéis otra vez, meteré la mano en vosotros. Desde entonces no vinieron en sábado."
            },
            {
               "verse": 22,
               "text": "Y dije a los Levitas, que se purificasen, y viniesen a guardar las puertas, para santificar el día del sábado. También por esto acuérdate de mí, Dios mío, y perdóname según la multitud de tu misericordia."
            },
            {
               "verse": 23,
               "text": "¶ También en aquellos días ví  algunos Judíos que habían tomado mujeres de Azoto, Ammonitas, y Moabitas:"
            },
            {
               "verse": 24,
               "text": "Y sus hijos la mitad hablaban Azoto, y conforme a la lengua de cada pueblo, que no sabían hablar Judaico."
            },
            {
               "verse": 25,
               "text": "Y reñí con ellos, y los maldije, y herí de ellos a  algunos varones, y les arranqué los cabellos, y juramentélos: Que no daréis vuestras hijas a sus hijos, y que no tomaréis de sus hijas para vuestros hijos, o para vosotros."
            },
            {
               "verse": 26,
               "text": "¿No pecó por esto Salomón rey de Israel? y en muchas gentes no hubo rey como él, que era amado de su Dios: y Dios le había puesto por rey sobre todo Israel: aun a él hicieron pecar las mujeres extranjeras."
            },
            {
               "verse": 27,
               "text": "¿Y obedeceremos a vosotros para cometer todo este mal tan grande, prevaricando contra nuestro Dios, tomando mujeres extranjeras?"
            },
            {
               "verse": 28,
               "text": "Y  uno de los hijos de Joiada, hijo de Eliasib, gran sacerdote, era yerno de Sanaballat Horonita: y le ahuyenté de mí."
            },
            {
               "verse": 29,
               "text": "Acuérdate de ellos, Dios mío, contra los que contaminan el sacerdocio, y el pacto del sacerdocio, y de los Levitas."
            },
            {
               "verse": 30,
               "text": "Y los limpié de todo extranjero, y puse las observancias a los sacerdotes, y a los Levitas, a cada uno en su obra:"
            },
            {
               "verse": 31,
               "text": "Y para la ofrenda de la leña en los tiempos señalados, y para las primicias. Acuérdate de mí, Dios mío, para bien."
            }
         ]
      }
   ]
}