{
   "book": "Revelación",
   "chapters": [
      {
         "chapter": 1,
         "verses": [
            {
               "verse": 1,
               "text": "La revelación de Jesu Cristo, la cual Dios le dio para manifestar a sus siervos cosas que deben suceder presto; y  la declaró, enviándo la por su ángel a Juan su siervo;"
            },
            {
               "verse": 2,
               "text": "El cual ha dado testimonio de la palabra de Dios, y del testimonio de Jesu Cristo, y de todas las cosas que vio."
            },
            {
               "verse": 3,
               "text": "Bienaventurado el que lee, y los que escuchan las palabras de la profecía, y guardan las cosas que en ella están escritas; porque el tiempo  está cerca."
            },
            {
               "verse": 4,
               "text": "Juan, a las siete iglesias que  están en Asia: Gracia a vosotros, y paz de aquel, que es, y que era, y que ha de venir; y de los siete espíritus que están delante de su trono;"
            },
            {
               "verse": 5,
               "text": "Y de Jesu Cristo;  que es el testigo fiel, el primogénito de entre los muertos, y el príncipe de los reyes de la tierra. Al que nos amó, y nos lavó de nuestros pecados en su misma sangre,"
            },
            {
               "verse": 6,
               "text": "Y nos ha hecho reyes, y sacerdotes para Dios y su Padre: a él la gloria y el imperio para siempre jamás. Amén."
            },
            {
               "verse": 7,
               "text": "He aquí, viene con las nubes, y todo ojo le verá, y  también los que le traspasaron; y todos los linajes de la tierra se lamentarán sobre él. Así es, Amén."
            },
            {
               "verse": 8,
               "text": "Yo soy el Alfa y la Omega, el principio y el fin, dice el Señor, que es, y que era, y que ha de venir, el Todopoderoso."
            },
            {
               "verse": 9,
               "text": "Yo Juan, vuestro hermano, y participante en la tribulación, y en el reino, y en la paciencia de Jesu Cristo, estaba en la isla que es llamada Pátmos, por la palabra de Dios, y por el testimonio de Jesu Cristo."
            },
            {
               "verse": 10,
               "text": "Yo fui en el Espíritu en día de Domingo, y oí detrás de mí una gran voz como de trompeta,"
            },
            {
               "verse": 11,
               "text": "Que decía: Yo soy el Alfa y la Omega, el primero y el postrero: Escribe en un libro lo que ves, y envía lo a las siete iglesias que  están en Asia,  es a saber, a Efeso, y a Esmirna, y a Pergamo, y a Tiatira, y a Sárdis, y a Filadelfia, y a Laodicea."
            },
            {
               "verse": 12,
               "text": "Y volvíme para ver la voz que hablaba conmigo; y vuelto, ví siete candelabros de oro;"
            },
            {
               "verse": 13,
               "text": "Y en medio de los siete candelabros de oro,  uno semejante al Hijo del hombre vestido de una ropa que llegaba hasta los pies, y ceñido con una cinta de oro por los pechos;"
            },
            {
               "verse": 14,
               "text": " Y su cabeza, y  sus cabellos  eran blancos como la lana blanca, tan blancos como la nieve; y sus ojos como llama de fuego;"
            },
            {
               "verse": 15,
               "text": "Y sus pies semejantes al latón fino, ardientes como en un horno; y su voz como ruido de muchas aguas."
            },
            {
               "verse": 16,
               "text": "Y tenía en su mano derecha siete estrellas; y de su boca salía una espada afilada de dos filos, y su rostro  era resplandeciente como el sol resplandece en su fuerza."
            },
            {
               "verse": 17,
               "text": "Y cuando yo le hube visto, caí como muerto a sus pies. Y él puso su diestra sobre mí, diciéndome: No temas, yo soy el primero, y el postrero;"
            },
            {
               "verse": 18,
               "text": "Y el que vivo, y he sido muerto, y, he aquí, vivo por siglos de siglos, Amén; y tengo las llaves del infierno, y de la muerte."
            },
            {
               "verse": 19,
               "text": "Escribe las cosas que has visto, y las que son, y las que han de ser después de estas."
            },
            {
               "verse": 20,
               "text": "El misterio de las siete estrellas que has visto en mi diestra, y los siete candelabros de oro. Las siete estrellas, son los ángeles de las siete iglesias, y los siete candelabros que viste, son las siete iglesias."
            }
         ]
      },
      {
         "chapter": 2,
         "verses": [
            {
               "verse": 1,
               "text": "Escribe al ángel de la iglesia de Efeso: El que tiene las siete estrellas en su diestra, el cual anda en medio de los siete candelabros de oro, dice estas cosas:"
            },
            {
               "verse": 2,
               "text": "Yo sé tus obras, y tu trabajo, y tu paciencia, y que tú no puedes sufrir los malos, y has probado a los que se dicen ser apóstoles, y no lo son, y los has hallado mentirosos."
            },
            {
               "verse": 3,
               "text": "Y has sufrido, y sufres, y has trabajado por causa de mi nombre, y no has desfallecido."
            },
            {
               "verse": 4,
               "text": "Pero tengo  algo contra ti, porque has dejado tu primer amor."
            },
            {
               "verse": 5,
               "text": "Por lo cual ten memoria de donde has caído, y arrepiéntete, y haz las primeras obras; si no, vendré a ti prestamente, y quitaré tu candelabro de su lugar, si no te arrepintieres."
            },
            {
               "verse": 6,
               "text": "Empero tienes esto, que aborreces los hechos de los Nicolaitas, los cuales yo también aborrezco."
            },
            {
               "verse": 7,
               "text": "El que tiene oído, oiga lo que el Espíritu dice a las iglesias: Al que venciere, daré a comer del árbol de la vida, el cual está en medio del paraíso de Dios."
            },
            {
               "verse": 8,
               "text": "Y escribe al ángel de la iglesia de Esmirna: El primero y el postrero, que fue muerto, y vive, dice estas cosas:"
            },
            {
               "verse": 9,
               "text": "Yo sé tus obras, y tu tribulación, y tu pobreza, (pero tú eres rico,) y  sé la blasfemia de los que se dicen ser Judíos, y no lo son, sino  que son la sinagoga de Satanás."
            },
            {
               "verse": 10,
               "text": "No tengas ningún temor de las cosas que has de padecer. He aquí, el diablo ha de arrojar  algunos de vosotros a la cárcel, para que seáis probados; y tendréis tribulación de diez días. Sé fiel hasta la muerte, y yo te daré la corona de la vida."
            },
            {
               "verse": 11,
               "text": "El que tiene oído, oiga lo que el Espíritu dice a las iglesias: El que venciere, no será dañado de la segunda muerte."
            },
            {
               "verse": 12,
               "text": "Y escribe al ángel de la iglesia  que está en Pergamo: El que tiene la espada afilada de dos filos, dice estas cosas:"
            },
            {
               "verse": 13,
               "text": "Yo sé tus obras, y donde moras,  que es en donde  está la silla de Satanás; y tienes mi nombre, y no has negado mi fe, aun en los días en que  fue Antipas mi testigo fiel, el cual ha sido muerto entre vosotros, donde Satanás mora."
            },
            {
               "verse": 14,
               "text": "Pero tengo unas pocas cosas contra ti; porque tú tienes ahí los que tienen la doctrina de Balaam, el cual enseñaba a Balaac a poner escándalo delante de los hijos de Israel, a comer de cosas sacrificadas a los ídolos, y a cometer fornicación."
            },
            {
               "verse": 15,
               "text": "Así también tú tienes a los que tienen la doctrina de los Nicolaitas, lo cual yo aborrezco."
            },
            {
               "verse": 16,
               "text": "Arrepiéntete; porque de otra manera vendré a ti prestamente, y pelearé contra ellos con la espada de mi boca."
            },
            {
               "verse": 17,
               "text": "El que tiene oído, oiga lo que el Espíritu dice a las iglesias: Al que venciere, daré a comer del maná escondido, y le daré una piedrecita blanca, y en la piedrecita un nombre nuevo escrito, el cual ninguno conoce, sino aquel que  lo recibe."
            },
            {
               "verse": 18,
               "text": "Y escribe al ángel de la iglesia  que está en Tiatira: El Hijo de Dios que tiene sus ojos como llama de fuego, y sus pies semejantes al latón fino, dice estas cosas:"
            },
            {
               "verse": 19,
               "text": "Yo he conocido tus obras, y caridad, y servicio, y fe, y tu paciencia, y tus obras; y las postreras,  que son muchas más que las primeras."
            },
            {
               "verse": 20,
               "text": "Empero tengo unas pocas cosas contra ti: que permites a Jezabel mujer (que se dice profetisa) enseñar, y seducir a mis siervos, a fornicar, y a comer cosas ofrecidas a los ídolos."
            },
            {
               "verse": 21,
               "text": "Y le he dado tiempo para que se arrepienta de su fornicación, y no se ha arrepentido."
            },
            {
               "verse": 22,
               "text": "He aquí, yo la arrojaré a un lecho, y a los que adulteran con ella, en muy grande tribulación, si no se arrepintieren de sus obras."
            },
            {
               "verse": 23,
               "text": "Y mataré sus hijos con muerte; y todas las iglesias sabrán, que yo soy el que escudriño los riñones, y los corazones; y daré a cada uno de vosotros según sus obras."
            },
            {
               "verse": 24,
               "text": "Pero yo digo a vosotros, y a los demás que  estáis en Tiatira: Cualesquiera que no tienen esta doctrina, y que no han conocido las profundidades de Satanás, (como ellos dicen,) yo no enviaré sobre vosotros otra carga."
            },
            {
               "verse": 25,
               "text": "Empero la que  ya tenéis, tenédla hasta que yo venga."
            },
            {
               "verse": 26,
               "text": "Y al que hubiere vencido, y hubiere guardado mis obras hasta el fin, yo le daré potestad sobre las naciones;"
            },
            {
               "verse": 27,
               "text": "Y regirlas ha con vara de hierro, y serán quebrantadas como vaso de ollero, como también yo he recibido de mi Padre."
            },
            {
               "verse": 28,
               "text": "Y darle he la estrella de la mañana."
            },
            {
               "verse": 29,
               "text": "El que tiene oído, oiga lo que el Espíritu dice a las iglesias."
            }
         ]
      },
      {
         "chapter": 3,
         "verses": [
            {
               "verse": 1,
               "text": "Y escribe al ángel de la iglesia  que está en Sárdis: El que tiene los siete Espíritus de Dios, y las siete estrellas, dice estas cosas: Yo conozco tus obras: que tienes nombre, que vives, y estás muerto."
            },
            {
               "verse": 2,
               "text": "Sé vigilante, y corrobora las cosas que restan, que están para morir; porque no he hallado tus obras perfectas delante de Dios."
            },
            {
               "verse": 3,
               "text": "Acuérdate pues de lo que has recibido, y has oído, y guárda lo, y arrepiéntete. Que si no velares, vendré a ti como ladrón, y no sabrás a qué hora vendré a ti."
            },
            {
               "verse": 4,
               "text": " Empero tienes unos pocos nombres aun en Sárdis, que no han ensuciado sus vestiduras, y andarán conmigo en  vestiduras blancas; porque son dignos."
            },
            {
               "verse": 5,
               "text": "El que venciere, éste será vestido de vestiduras blancas; y no borraré su nombre del libro de la vida, antes confesaré su nombre delante de mi Padre, y delante de sus ángeles."
            },
            {
               "verse": 6,
               "text": "El que tiene oído, oiga lo que el Espíritu dice a las iglesias."
            },
            {
               "verse": 7,
               "text": "Y escribe al ángel de la iglesia  que está en Filadelfia: El Santo y Verdadero, el que tiene la llave de David; el que abre, y ninguno cierra; el que cierra, y ninguno abre, dice estas cosas:"
            },
            {
               "verse": 8,
               "text": "Yo conozco tus obras: he aquí, te he dado una puerta abierta delante de ti, y ninguno la puede cerrar; porque tú tienes una poquita de potencia, y has guardado mi palabra, y no has negado mi nombre."
            },
            {
               "verse": 9,
               "text": "He aquí, yo doy de la sinagoga de Satanás, los que se dicen ser Judíos, y no lo son, mas mienten: he aquí, yo los constreñiré a que vengan, y adoren delante de tus pies, y sepan que yo te he amado."
            },
            {
               "verse": 10,
               "text": "Porque has guardado la palabra de mi paciencia, yo también te guardaré de la hora de la tentación, que ha de venir sobre todo el universo mundo, para probar los que moran en la tierra."
            },
            {
               "verse": 11,
               "text": "Cata, que yo vengo prestamente: ten lo que tienes, para que ninguno tome tu corona."
            },
            {
               "verse": 12,
               "text": "Al que venciere, yo le haré columna en el templo de mi Dios, y nunca más saldrá fuera; y escribiré sobre él el nombre de mi Dios, y el nombre de la ciudad de mi Dios,  que es la nueva Jerusalem, la cual desciende del cielo de mi Dios, y mi nombre nuevo."
            },
            {
               "verse": 13,
               "text": "El que tiene oído, oiga lo que el Espíritu dice a las iglesias."
            },
            {
               "verse": 14,
               "text": "Y escribe al ángel de la iglesia de los Laodicenses: Estas cosas dice el Amén, el testigo fiel y verdadero, el principio de la creación de Dios:"
            },
            {
               "verse": 15,
               "text": "Yo conozco tus obras: que ni eres frío, ni caliente. Ojalá fueses frío, o hirviente;"
            },
            {
               "verse": 16,
               "text": "Mas porque eres tibio, y no frío ni hirviente, yo te vomitaré de mi boca."
            },
            {
               "verse": 17,
               "text": "Porque tú dices: Yo soy rico, y soy enriquecido, y no tengo necesidad de ninguna cosa; y no conoces que tú eres cuitado, y miserable, y pobre, y ciego, y desnudo."
            },
            {
               "verse": 18,
               "text": "Yo te aconsejo que de mí compres oro afinado en el fuego, para que seas hecho rico; y vestiduras blancas, para que seas vestido, y  que la vergüenza de tu desnudez no se descubra; y unge tus ojos con colirio, para que veas."
            },
            {
               "verse": 19,
               "text": "Yo reprendo y castigo a todos los que amo: sé pues zeloso, y arrepiéntete."
            },
            {
               "verse": 20,
               "text": "He aquí,  que yo estoy parado a la puerta, y llamo: si alguno oyere mi voz, y  me abriere la puerta, entraré a él, y cenaré con él, y él conmigo."
            },
            {
               "verse": 21,
               "text": "Al que venciere, yo le daré que se asiente conmigo en mi trono: así como yo también vencí, y me asenté con mi Padre en su trono."
            },
            {
               "verse": 22,
               "text": "El que tiene oreja, oiga lo que el Espíritu dice a las iglesias."
            }
         ]
      },
      {
         "chapter": 4,
         "verses": [
            {
               "verse": 1,
               "text": "Después de estas cosas miré, y he aquí una puerta abierta en el cielo; y la primera voz que oí  era como de trompeta que hablaba conmigo; la cual dijo: Sube acá, y yo te mostraré las cosas que deben suceder después de estas."
            },
            {
               "verse": 2,
               "text": "Y al punto yo fui en el Espíritu; y, he aquí, un trono estaba puesto en el cielo, y sobre el trono estaba  uno asentado."
            },
            {
               "verse": 3,
               "text": "Y el que estaba asentado, era al parecer semejante a una piedra de jaspe y de sardonia, y el arco del cielo  estaba al derredor del trono semejante en el aspecto a la esmeralda."
            },
            {
               "verse": 4,
               "text": "Y al rededor del trono  había veinte y cuatro sillas; y ví sobre las sillas veinte y cuatro ancianos sentados, vestidos de ropas blancas; y tenían sobre sus cabezas coronas de oro."
            },
            {
               "verse": 5,
               "text": "Y del trono salían relámpagos, y truenos, y voces; y  había siete lámparas de fuego  que estaban ardiendo delante del trono, las cuales son los siete Espíritus de Dios."
            },
            {
               "verse": 6,
               "text": "Y delante del trono  había como un mar de vidrio semejante al cristal; y en medio del trono, y al derredor del trono cuatro animales llenos de ojos delante y detrás."
            },
            {
               "verse": 7,
               "text": "Y el primer animal  era semejante a un león, y el segundo animal, semejante a un becerro, y el tercer animal tenía la cara como hombre, y el cuarto animal, semejante al águila que vuela."
            },
            {
               "verse": 8,
               "text": "Y los cuatro animales tenían cada uno por sí seis alas al derredor; y de dentro estaban llenos de ojos; y no tenían reposo día ni noche, diciendo: Santo, Santo, Santo  es el Señor Dios Todopoderoso, que era, y que es, y que ha de venir."
            },
            {
               "verse": 9,
               "text": "Y cuando aquellos animales daban gloria, y honra, y acción de gracias al que estaba sentado en el trono, al que vive para siempre jamás,"
            },
            {
               "verse": 10,
               "text": "Los veinte y cuatro ancianos se postraban delante del que estaba sentado en el trono, y adoraban al que vive para siempre jamás, y echaban sus coronas delante del trono, diciendo:"
            },
            {
               "verse": 11,
               "text": "Señor, digno eres de recibir gloria, y honra, y poderío; porque tú creaste todas las cosas, y por tu voluntad tienen ser, y fueron creadas."
            }
         ]
      },
      {
         "chapter": 5,
         "verses": [
            {
               "verse": 1,
               "text": "Y ví en la mano derecha del que estaba sentado sobre el trono un libro escrito de dentro y de fuera, sellado con siete sellos."
            },
            {
               "verse": 2,
               "text": "Y ví un fuerte ángel, predicando en alta voz: ¿Quién es digno de abrir el libro, y de desatar sus sellos?"
            },
            {
               "verse": 3,
               "text": "Y ninguno podía, ni en el cielo, ni en la tierra, ni debajo de la tierra, abrir el libro, ni mirarlo."
            },
            {
               "verse": 4,
               "text": "Y yo lloraba mucho, porque no había sido hallado ninguno digno de abrir el libro, ni de leerlo, ni de mirarlo."
            },
            {
               "verse": 5,
               "text": "Y uno de los ancianos me dice: No llores: he aquí, el León de la tribu de Judá, la Raíz de David, que ha prevalecido para abrir el libro, y desatar sus siete sellos."
            },
            {
               "verse": 6,
               "text": "Y miré; y, he aquí, en medio del trono, y de los cuatro animales, y en medio de los ancianos, estaba un Cordero en pie como uno que hubiera sido inmolado, que tenía siete cuernos, y siete ojos, que son los siete Espíritus de Dios enviados en toda la tierra."
            },
            {
               "verse": 7,
               "text": "Y él vino, y tomó el libro de la mano derecha de aquel que estaba sentado en el trono."
            },
            {
               "verse": 8,
               "text": "Y cuando hubo tomado el libro, los cuatro animales, y los veinticuatro ancianos se postraron delante del Cordero, teniendo cada uno arpas, y tazones de oro llenos de perfumes, que son las oraciones de los santos:"
            },
            {
               "verse": 9,
               "text": "Y cantaban una nueva canción, diciendo: Digno eres de tomar el libro, y de abrir sus sellos; porque tú fuiste inmolado, y nos has redimido para Dios con tu sangre, de todo linaje, y lengua, y pueblo, y nación:"
            },
            {
               "verse": 10,
               "text": "Y nos has hecho para nuestro Dios, reyes y sacerdotes; y reinaremos sobre la tierra."
            },
            {
               "verse": 11,
               "text": "Y miré, y oí voz de muchos ángeles al derredor del trono, y de los animales, y de los ancianos; y el número de ellos era miriadas de miriadas, y millares de millares,"
            },
            {
               "verse": 12,
               "text": "Que decían en alta voz: El Cordero que fue inmolado es digno de recibir poder, y riquezas, y sabiduría, y fortaleza, y honra, y gloria, y bendición."
            },
            {
               "verse": 13,
               "text": "Y oí a toda criatura que está en el cielo, y sobre la tierra, y debajo de la tierra, y que está en la mar, y todas las cosas que en ellos están, diciendo: Al que está sentado en el trono, y al Cordero,  sea bendición, y honra, y gloria, y poder para siempre jamás."
            },
            {
               "verse": 14,
               "text": "Y los cuatro animales decían: Amén. Y los veinticuatro ancianos se postraron, y adoraron al que vive para siempre jamás."
            }
         ]
      },
      {
         "chapter": 6,
         "verses": [
            {
               "verse": 1,
               "text": "Y miré cuando el Cordero hubo abierto el uno de los sellos, y oí a uno de los cuatro animales diciendo como con una voz de trueno: Ven, y ve."
            },
            {
               "verse": 2,
               "text": "Y miré, y he aquí un caballo blanco; y el que estaba sentado encima de él, tenía un arco; y le fue dada una corona, y salió victorioso, para que también venciese."
            },
            {
               "verse": 3,
               "text": "Y cuando él hubo abierto el segundo sello, oí el segundo animal, que decía: Ven, y ve."
            },
            {
               "verse": 4,
               "text": "Y salió otro caballo bermejo; y al que estaba sentado sobre él, fue dado  poder de quitar la paz de la tierra, y que se matasen unos a otros; y le fue dada una grande espada."
            },
            {
               "verse": 5,
               "text": "Y cuando él hubo abierto el tercero sello, oí al tercer animal, que decía: Ven, y mira. Y miré, y he aquí un caballo negro; y el que estaba sentado encima de él tenía un peso en su mano."
            },
            {
               "verse": 6,
               "text": "Y oí una voz en medio de los cuatro animales, que decía: Un cheniz de trigo por un denario, y tres chenices de cebada por un denario; y no hagas daño al vino, ni al aceite."
            },
            {
               "verse": 7,
               "text": "Y después que él abrió el cuarto sello, oí la voz del cuarto animal, que decía: Ven, y ve."
            },
            {
               "verse": 8,
               "text": "Y miré, y he aquí un caballo pálido; y el que estaba sentado sobre él, tenía por nombre Muerte, y el Infierno le seguía; y le fue dada potestad sobre la cuarta parte de la tierra, para matar con espada, y con hambre, y con mortandad, y con fieras de la tierra."
            },
            {
               "verse": 9,
               "text": "Y cuando él hubo abierto el quinto sello, ví debajo del altar las almas de los que habían sido muertos por la palabra de Dios, y por el testimonio que ellos tenían:"
            },
            {
               "verse": 10,
               "text": "Y clamaban en alta voz, diciendo: ¿Hasta cuándo, Señor, santo y verdadero, no juzgas, y vengas nuestra sangre de los que moran sobre la tierra?"
            },
            {
               "verse": 11,
               "text": "Y fuéronles dadas sendas ropas blancas, y les fue dicho, que  aun reposasen todavía un poco de tiempo, hasta que sus consiervos fuesen cumplidos, y sus hermanos que también habían de ser muertos como ellos."
            },
            {
               "verse": 12,
               "text": "Y miré cuando él abrió el sexto sello; y, he aquí, fue hecho un gran terremoto; y el sol fue hecho negro como saco de pelo, y la luna fue hecha toda como sangre;"
            },
            {
               "verse": 13,
               "text": "Y las estrellas del cielo cayeron sobre la tierra, como la higuera deja caer sus no sazonados higos, cuando es sacudida de un vigoroso viento:"
            },
            {
               "verse": 14,
               "text": "Y el cielo se apartó como un libro que es arrollado; y todo monte e islas fueron movidos de sus lugares;"
            },
            {
               "verse": 15,
               "text": "Y los reyes de la tierra, y los magnates, y los ricos, y los capitanes, y los fuertes, y todo siervo, y todo libre se escondieron en las cavernas, y en tre las piedras de los montes;"
            },
            {
               "verse": 16,
               "text": "Y decían a los montes, y a las rocas: Caéd sobre nosotros, y escondédnos de la cara de aquel que está sentado sobre el trono, y de la ira del Cordero:"
            },
            {
               "verse": 17,
               "text": "Porque el gran día de su ira es venido, ¿y quién podrá estar firme?"
            }
         ]
      },
      {
         "chapter": 7,
         "verses": [
            {
               "verse": 1,
               "text": "Y después de estas cosas, ví cuatro ángeles que estaban en pie sobre las cuatro esquinas de la tierra, deteniendo los cuatro vientos de la tierra, para que no soplase viento sobre la tierra, ni sobre la mar, ni sobre ningún árbol."
            },
            {
               "verse": 2,
               "text": "Y ví otro ángel que subía del nacimiento del sol, teniendo el sello del Dios vivo. Y clamó con gran voz a los cuatro ángeles, a los cuales era dado hacer daño a la tierra, y a la mar,"
            },
            {
               "verse": 3,
               "text": "Diciendo: No hagáis daño a la tierra, ni a la mar, ni a los árboles, hasta que señalemos a los siervos de nuestro Dios en sus frentes."
            },
            {
               "verse": 4,
               "text": "Y oí el número de los señalados,  que eran ciento  y cuarenta  y cuatro mil señalados de todas las tribus de los hijos de Israel."
            },
            {
               "verse": 5,
               "text": "De la tribu de Judá, doce mil señalados. De la tribu de Rubén, doce mil señalados. De la tribu de Gad, doce mil señalados."
            },
            {
               "verse": 6,
               "text": "De la tribu de Aser, doce mil señalados. De la tribu de Neftalí, doce mil señalados. De la tribu de Manasés, doce mil señalados."
            },
            {
               "verse": 7,
               "text": "De la tribu de Simeón, doce mil señalados. De la tribu de Leví, doce mil señalados. De la tribu de Isacar, doce mil señalados."
            },
            {
               "verse": 8,
               "text": "De la tribu de Zabulón, doce mil señalados. De la tribu de José, doce mil señalados. De la tribu de Benjamín, doce mil señalados."
            },
            {
               "verse": 9,
               "text": "Después de estas cosas miré, y he aquí una gran compañía, la cual ninguno podía contar, de todas naciones, y linajes, y pueblos, y lenguas, que estaban delante del trono, y en la presencia del Cordero, vestidos de luengas ropas blancas, y palmas en sus manos;"
            },
            {
               "verse": 10,
               "text": "Y clamaban a alta voz, diciendo: La salvación a nuestro Dios que está sentado sobre el trono, y al Cordero."
            },
            {
               "verse": 11,
               "text": "Y todos los ángeles estaban en pie al derredor del trono, y  al rededor de los ancianos, y de los cuatro animales; y postráronse sobre sus caras delante del trono, y adoraron a Dios,"
            },
            {
               "verse": 12,
               "text": "Diciendo: Amén: la bendición, y la gloria, y la sabiduría, y el hacimiento de gracias, y la honra, y la potencia, y la fortaleza a nuestro Dios para siempre jamás. Amén."
            },
            {
               "verse": 13,
               "text": "Y respondió uno de los ancianos, diciéndome: Estos que están vestidos de luengas ropas blancas, ¿quiénes son? ¿y de dónde han venido?"
            },
            {
               "verse": 14,
               "text": "Y yo le dije: Señor, tú lo sabes. Y él me dijo: Estos son los que han venido de grande tribulación, y han lavado sus luengas ropas, y las han blanqueado en la sangre del Cordero:"
            },
            {
               "verse": 15,
               "text": "Por esto están delante del trono de Dios, y le sirven día y noche en su templo; y el que está sentado en el trono morará entre ellos."
            },
            {
               "verse": 16,
               "text": "No tendrán más hambre, ni sed; y el sol no caerá más sobre ellos, ni otro ningún calor;"
            },
            {
               "verse": 17,
               "text": "Porque el Cordero que está en medio del trono los apacentará, y los guiará a las fuentes vivas de las aguas. Y Dios limpiará toda lágrima de los ojos de ellos."
            }
         ]
      },
      {
         "chapter": 8,
         "verses": [
            {
               "verse": 1,
               "text": "Y cuando él hubo abierto el séptimo sello, fue hecho silencio en el cielo casi por media hora."
            },
            {
               "verse": 2,
               "text": "Y ví los siete ángeles que estaban en pie delante de Dios, y fuéronles dadas siete trompetas."
            },
            {
               "verse": 3,
               "text": "Y otro ángel vino, y se paró delante del altar, teniendo un incensario de oro; y fuéronle dados muchos inciensos para que  los ofreciese con las oraciones de todos los santos sobre el altar de oro, el cual  estaba delante del trono."
            },
            {
               "verse": 4,
               "text": "Y el humo de los inciensos, con las oraciones de los santos, subió de la mano del ángel delante de Dios."
            },
            {
               "verse": 5,
               "text": "Y el ángel tomó el incensario, e hinchiólo del fuego del altar, y lo arrojó a la tierra, y fueron hechas voces, y truenos, y relámpagos, y un temblor de tierra."
            },
            {
               "verse": 6,
               "text": "Y los siete ángeles que tenían las siete trompetas, se aprestaron para tocar trompeta."
            },
            {
               "verse": 7,
               "text": "Y el primer ángel tocó la trompeta, y fue hecho granizo, y fuego, mezclados con sangre, y fueron arrojados sobre la tierra; y la tercera parte de los árboles fue quemada, y toda la yerba verde fue quemada."
            },
            {
               "verse": 8,
               "text": "Y el segundo ángel tocó la trompeta, y como un grande monte ardiente con fuego fue lanzado en la mar, y la tercera parte de la mar fue vuelta en sangre."
            },
            {
               "verse": 9,
               "text": "Y murió la tercera parte de las criaturas que estaban en la mar, las cuales tenían vida, y la tercera parte de los navíos fue destruida."
            },
            {
               "verse": 10,
               "text": "Y el tercer ángel tocó la trompeta, y cayó del cielo una grande estrella ardiendo como una lámpara encendida, y cayó sobre la tercera parte de los ríos, y sobre las fuentes de las aguas."
            },
            {
               "verse": 11,
               "text": "Y el nombre de la estrella se dice Ajenjo; y la tercera parte de las aguas fue vuelta en ajenjo; y muchos hombres murieron por las aguas, porque fueron hechas amargas."
            },
            {
               "verse": 12,
               "text": "Y el cuarto ángel tocó la trompeta, y fue herida la tercera parte del sol, y la tercera parte de la luna, y la tercera parte de las estrellas: de tal manera que se oscureció la tercera parte de ellos, y no alumbraba la tercera parte del día, y semejantemente de la noche."
            },
            {
               "verse": 13,
               "text": "Y miré, y oí un ángel volar por medio del cielo, diciendo a alta voz: ¡Ay, ay, ay de los que moran en la tierra! por razón de las otras voces de las trompetas de los tres ángeles que habían de tocar."
            }
         ]
      },
      {
         "chapter": 9,
         "verses": [
            {
               "verse": 1,
               "text": "Y el quinto ángel tocó la trompeta, y ví una estrella caída del cielo en la tierra; y a aquel fue dada la llave del pozo del abismo."
            },
            {
               "verse": 2,
               "text": "Y abrió el pozo del abismo, y subió un humo del pozo como el humo de una grande hornaza; y el sol, y el aire fue oscurecido por razón del humo del pozo."
            },
            {
               "verse": 3,
               "text": "Y del humo del pozo salieron langostas sobre la tierra; y les fue dada potestad, como tienen potestad los escorpiones de la tierra."
            },
            {
               "verse": 4,
               "text": "Y fuéles mandado que no hiciesen daño a la yerba de la tierra, ni a ninguna cosa verde, ni a ningún árbol, sino solamente a los hombres que no tienen la señal de Dios en sus frentes."
            },
            {
               "verse": 5,
               "text": "Y les fue dado que no los matasen, sino que los atormentasen cinco meses; y su tormento  era como tormento de escorpión cuando hiere al hombre."
            },
            {
               "verse": 6,
               "text": "Y en aquellos días buscarán los hombres la muerte, y no la hallarán; y desearán morir, y la muerte huirá de ellos."
            },
            {
               "verse": 7,
               "text": "Y el parecer de las langostas  era semejante a caballos aparejados para guerra; y sobre sus cabezas  tenían como coronas semejantes al oro; y sus caras  eran como caras de hombres."
            },
            {
               "verse": 8,
               "text": "Y tenían cabellos como cabellos de mujeres; y sus dientes eran como  dientes de leones."
            },
            {
               "verse": 9,
               "text": "Y tenían corazas como corazas de hierro; y el estruendo de sus alas, como el ruido de los carros, que con muchos caballos corren a la batalla."
            },
            {
               "verse": 10,
               "text": "Y tenían colas semejantes a las colas de los escorpiones; y tenían en sus colas aguijones; y su potestad  era de hacer daño a los hombres cinco meses."
            },
            {
               "verse": 11,
               "text": "Y tenían sobre sí un rey,  que es el ángel del abismo, el cual tenía por nombre en Hebraico Abaddón, y en Griego Apolión."
            },
            {
               "verse": 12,
               "text": "El un ay es pasado;  y, he aquí, vienen aun dos  veces ay después de estas cosas."
            },
            {
               "verse": 13,
               "text": "Y el sexto ángel tocó la trompeta, y oí una voz de los cuatro cuernos del altar de oro, el cual está delante de Dios,"
            },
            {
               "verse": 14,
               "text": "Que decía al sexto ángel que tenía la trompeta: Desata los cuatro ángeles que están atados en el grande río Éufrates."
            },
            {
               "verse": 15,
               "text": "Y fueron desatados los cuatro ángeles que estaban aprestados para la hora, y día, y mes, y año, a fin de matar la tercera parte de los hombres."
            },
            {
               "verse": 16,
               "text": "Y el número del ejército de los de a caballo  era doscientos millones. Y oí el número de ellos."
            },
            {
               "verse": 17,
               "text": "Y así ví los caballos en la visión; y los que estaban sentados sobre ellos tenían corazas de fuego, de jacinto, y de azufre. Y las cabezas de los caballos  eran como cabezas de leones; y de la boca de ellos salía fuego, y humo, y azufre."
            },
            {
               "verse": 18,
               "text": "Y de estas tres  plagas fue muerta la tercera parte de los hombres, del fuego, y del humo, y del azufre, que salían de la boca de ellos."
            },
            {
               "verse": 19,
               "text": "Porque su poder está en su boca, y en sus colas. Porque sus colas  eran semejantes a serpientes,  y tenían cabezas, y con ellas dañan."
            },
            {
               "verse": 20,
               "text": "Y los otros hombres que no fueron muertos con estas plagas, aun no se arrepintieron de las obras de sus manos, para que no adorasen a los demonios, y a las imágenes de oro, y de plata, y de metal, y de piedra, y de madera: las cuales no pueden ver, ni oír, ni andar."
            },
            {
               "verse": 21,
               "text": "Ni tampoco se arrepintieron de sus homicidios, ni de sus hechicerías, ni de su fornicación, ni de sus hurtos."
            }
         ]
      },
      {
         "chapter": 10,
         "verses": [
            {
               "verse": 1,
               "text": "Y ví otro ángel fuerte descender del cielo, vestido de una nube, y el arco del cielo  estaba sobre su cabeza, y su rostro  era como el sol, y sus pies como columnas de fuego."
            },
            {
               "verse": 2,
               "text": "Y tenía en su mano un librito abierto; y puso su pie derecho sobre la mar, y el izquierdo sobre la tierra;"
            },
            {
               "verse": 3,
               "text": "Y clamó con grande voz, como  cuando un león brama: y cuando hubo clamado, siete truenos hablaron sus voces."
            },
            {
               "verse": 4,
               "text": "Y cuando los siete truenos hubieron hablado sus voces, yo  las iba a escribir; y oí una voz del cielo, que me decía: Sella las cosas que los siete truenos han hablado, y no las escribas."
            },
            {
               "verse": 5,
               "text": "Y el ángel que yo ví estar en pie sobre la mar, y sobre la tierra, levantó su mano al cielo,"
            },
            {
               "verse": 6,
               "text": "Y juró por el que vive para siempre jamás, que ha creado el cielo, y las cosas que en él están, y la tierra, y las cosas que en ella están, y la mar, y las cosas que en ella están, que el tiempo no será más:"
            },
            {
               "verse": 7,
               "text": "Pero  que en los días de la voz del séptimo ángel, cuando él comenzare a tocar la trompeta, el misterio de Dios será consumado, como él lo evangelizó a sus siervos los profetas."
            },
            {
               "verse": 8,
               "text": "Y oí la voz del cielo que hablaba conmigo otra vez, y  que decía: Anda,  y toma el librito abierto de la mano del ángel, que está sobre la mar, y sobre la tierra."
            },
            {
               "verse": 9,
               "text": "Y fui al ángel, diciéndole que me diese el librico; y él me dijo: Tóma lo, y devóralo, y él te hará amargar tu vientre; empero en tu boca será dulce como la miel."
            },
            {
               "verse": 10,
               "text": "Y tomé el librico de la mano del ángel, y lo devoré; y era dulce en mi boca como la miel; y después que lo hube comido, fue amargo mi vientre."
            },
            {
               "verse": 11,
               "text": "Y él me dijo: Necesario es que otra vez profetices a muchos pueblos, y naciones, y lenguas, y reyes."
            }
         ]
      },
      {
         "chapter": 11,
         "verses": [
            {
               "verse": 1,
               "text": "Y fuéme dada una caña semejante a una vara, y el ángel se  me presentó, diciendo: Levántate, y mide el templo de Dios, y el altar, y a los que adoran en él."
            },
            {
               "verse": 2,
               "text": "Empero echa fuera el patio que está fuera del templo, y no lo midas; porque es dado a los Gentiles; y pisarán la santa ciudad cuarenta  y dos meses."
            },
            {
               "verse": 3,
               "text": "Y yo daré  poder a mis dos testigos, y ellos profetizarán  por espacio de mil  y doscientos  y sesenta días, vestidos de sacos."
            },
            {
               "verse": 4,
               "text": "Estas son las dos olivas, y los dos candelabros que están delante del Dios de la tierra."
            },
            {
               "verse": 5,
               "text": "Y si alguno les quisiere empecer, sale fuego de la boca de ellos, y devora a sus enemigos; y si alguno les quisiere hacer daño, así es necesario que él sea muerto."
            },
            {
               "verse": 6,
               "text": "Estos tienen potestad de cerrar el cielo, que no llueva en los días de su profecía; y tienen poder sobre las aguas para convertirlas en sangre, y para herir la tierra con toda plaga, todas las veces que quisieren."
            },
            {
               "verse": 7,
               "text": "Y cuando ellos hubieren acabado su testimonio, la bestia que sube del abismo hará guerra contra ellos, y los vencerá, y los matará."
            },
            {
               "verse": 8,
               "text": "Y sus cuerpos muertos  serán echados en la plaza de la grande ciudad, que espiritualmente es llamada Sodoma, y Egipto; donde también nuestro Señor fue crucificado."
            },
            {
               "verse": 9,
               "text": "Y los de los linajes, y de los pueblos, y de las lenguas, y de las naciones verán los cuerpos muertos de ellos por tres días y medio, y no permitirán que sus cuerpos muertos sean puestos en sepulcros."
            },
            {
               "verse": 10,
               "text": "Y los moradores de la tierra se regocijarán sobre ellos, y se alegrarán, y se enviarán dones los unos a los otros; porque estos dos profetas han atormentado a los que moran sobre la tierra."
            },
            {
               "verse": 11,
               "text": "Y después de tres días y medio el Espíritu de vida,  enviado de Dios, entró en ellos, y se enhestaron sobre sus pies, y vino grande temor sobre los que los vieron."
            },
            {
               "verse": 12,
               "text": "Y oyeron una gran voz del cielo que les decía: Subíd acá. Y subieron al cielo en una nube; y sus enemigos los vieron."
            },
            {
               "verse": 13,
               "text": "Y en aquella hora fue hecho un gran temblor de tierra; y la décima parte de la ciudad cayó, y fueron muertos en el temblor de tierra los nombres de siete mil hombres; y los demás fueron espantados, y dieron gloria al Dios del cielo."
            },
            {
               "verse": 14,
               "text": "El segundo ay es pasado,  y, he aquí, el tercero ay vendrá prestamente."
            },
            {
               "verse": 15,
               "text": "Y el séptimo ángel tocó la trompeta; y fueron hechas grandes voces en el cielo que decían: Los reinos de este mundo han venido a ser  los reinos de nuestro Señor, y de su Cristo, y reinará por los siglos de los siglos."
            },
            {
               "verse": 16,
               "text": "Y los veinte y cuatro ancianos que estaban sentados delante de Dios en sus sillas, se postraron sobre sus rostros, y adoraron a Dios,"
            },
            {
               "verse": 17,
               "text": "Diciendo: Te damos gracias, ¡oh Señor Dios Todopoderoso! que eres, y que eras, y que has de venir; porque has tomado tu grande poderío, y has reinado."
            },
            {
               "verse": 18,
               "text": "Y las naciones se han airado, y tu ira es  ya venida, y el tiempo de los muertos para que sean juzgados, y para que des el galardón a tus siervos los profetas, y a los santos, y a los que temen tu nombre, a los pequeños, y a los grandes, para que destruyas los que destruyen la tierra."
            },
            {
               "verse": 19,
               "text": "Y el templo de Dios fue abierto en el cielo, y el arca de su testamento fue vista en su templo, y fueron hechos relámpagos, y voces, y truenos, y un terremoto, y grande granizo."
            }
         ]
      },
      {
         "chapter": 12,
         "verses": [
            {
               "verse": 1,
               "text": "Y una gran señal apareció en el cielo: una mujer vestida del sol, y la luna debajo de sus pies, y sobre su cabeza una corona de doce estrellas."
            },
            {
               "verse": 2,
               "text": "Y estando preñada, clamaba con dolores de parto, y sufría tormento por parir."
            },
            {
               "verse": 3,
               "text": "Y fue vista otra señal en el cielo; y he aquí un grande dragón bermejo, que tenía siete cabezas y diez cuernos; y sobre sus cabezas siete diademas."
            },
            {
               "verse": 4,
               "text": "Y su cola traía con violencia la tercera parte de las estrellas del cielo, y las arrojó a la tierra. Y el dragón se paró delante de la mujer que estaba de parto, a fin de devorar a su hijo, luego que ella le hubiese parido."
            },
            {
               "verse": 5,
               "text": "Y ella parió un hijo varón, el cual había de regir todas las naciones con vara de hierro: y su hijo fue arrebatado para Dios, y para su trono."
            },
            {
               "verse": 6,
               "text": "Y la mujer huyó al desierto, donde tiene un lugar aparejado de Dios, para que allí la mantengan mil  y doscientos  y sesenta días."
            },
            {
               "verse": 7,
               "text": "Y fue hecha  una grande batalla en el cielo: Miguel y sus ángeles batallaban contra el dragón; y el dragón batallaba, y sus ángeles;"
            },
            {
               "verse": 8,
               "text": "Empero no prevalecierón  estos, ni su lugar fue más hallado en el cielo."
            },
            {
               "verse": 9,
               "text": "Y fue lanzado fuera aquel gran dragón, que es la serpiente antigua, que es llamada diablo, y Satanás, el cual engaña a todo el mundo: fue arrojado en tierra, y sus ángeles fueron arrojados con él."
            },
            {
               "verse": 10,
               "text": "Y oí una gran voz en el cielo, que decía: Ahora ha venido la salvación, y la virtud, y el reino de nuestro Dios, y el poder de su Cristo; porque el acusador de nuestros hermanos es ya derribado, el cual los acusaba delante de nuestro Dios día y noche."
            },
            {
               "verse": 11,
               "text": "Y ellos le han vencido por causa de la sangre del Cordero, y por la palabra de su testimonio; y no han amado sus vidas hasta la muerte."
            },
            {
               "verse": 12,
               "text": "Por lo cual alegráos, cielos, y los que moráis en ellos. ¡Ay de los moradores de la tierra, y de la mar! porque el diablo ha descendido a vosotros, teniendo grande ira, sabiendo que tiene poco tiempo."
            },
            {
               "verse": 13,
               "text": "Y después que el dragón hubo visto que él había sido arrojado a la tierra, persiguió a la mujer, que había parido al  hijo varón."
            },
            {
               "verse": 14,
               "text": "Y fueron dadas a la mujer dos alas de grande águila, para que de la presencia de la serpiente volase al desierto a su lugar, donde es mantenida  por un tiempo, y tiempos, y la mitad de un tiempo."
            },
            {
               "verse": 15,
               "text": "Y la serpiente lanzó de su boca en pos de la mujer agua como un río; a fin de hacer que fuese arrebatada del río."
            },
            {
               "verse": 16,
               "text": "Y la tierra ayudó a la mujer; y la tierra abrió su boca, y sorbió el río, que había lanzado el dragón de su boca."
            },
            {
               "verse": 17,
               "text": "Y el dragón fue airado contra la mujer, y se fue a hacer guerra contra los otros de la simiente de ella, los cuales guardan los mandamientos de Dios, y tienen el testimonio de Jesu Cristo."
            }
         ]
      },
      {
         "chapter": 13,
         "verses": [
            {
               "verse": 1,
               "text": "Y yo me paré sobre la arena de la mar. Y ví una bestia subir de la mar, que tenía siete cabezas, y diez cuernos; y sobre sus cuernos diez diademas; y sobre las cabezas de ella un nombre de blasfemia."
            },
            {
               "verse": 2,
               "text": "Y la bestia que ví, era semejante a un leopardo, y sus pies como  pies de oso, y su boca como boca de león. Y el dragón le dio su poder, y su trono, y grande potestad."
            },
            {
               "verse": 3,
               "text": "Y ví la una de sus cabezas como herida de muerte, y la llaga de su muerte fue curada; y hubo admiración en toda la tierra detrás de la bestia."
            },
            {
               "verse": 4,
               "text": "Y adoraron al dragón que había dado la potestad a la bestia; y adoraron a la bestia, diciendo: ¿Quién  es semejante a la bestia, y quién podrá batallar contra ella?"
            },
            {
               "verse": 5,
               "text": "Y le fue dada boca que hablaba grandes cosas, y blasfemias; y le fue dado de hacer la guerra cuarenta y dos meses."
            },
            {
               "verse": 6,
               "text": "Y abrió su boca en blasfemias contra Dios, para blasfemar su nombre, y su tabernáculo, y a los que moran en el cielo."
            },
            {
               "verse": 7,
               "text": "Y le fue dado hacer guerra contra los santos, y vencerlos. También le fue dado poder sobre toda tribu,  y pueblo, y lengua, y nación:"
            },
            {
               "verse": 8,
               "text": "Y todos los que moran en la tierra la adorarán, cuyos nombres no están escritos en el libro de la vida del Cordero, el cual fue inmolado desde el principio del mundo."
            },
            {
               "verse": 9,
               "text": "Si alguno tiene oído, oiga."
            },
            {
               "verse": 10,
               "text": "El que lleva en cautividad, en cautividad irá: el que a cuchillo matare, es necesario que a cuchillo sea muerto. Aquí está la paciencia, y fe de los santos."
            },
            {
               "verse": 11,
               "text": "Después ví otra bestia que subía de la tierra, y tenía dos cuernos semejantes a  los de un cordero, mas hablaba como un dragón."
            },
            {
               "verse": 12,
               "text": "Y ejerce toda la potencia de la primera bestia en presencia de ella; y hace a la tierra, y a los moradores de ella adorar la primera bestia, cuya herida de muerte fue curada."
            },
            {
               "verse": 13,
               "text": "Y hace grandes señales, de tal manera que aun hace descender fuego del cielo a la tierra delante de los hombres."
            },
            {
               "verse": 14,
               "text": "Y engaña a los moradores de la tierra por  medio de las señales que le han sido dadas para hacer en presencia de la bestia, diciendo a los moradores de la tierra, que hagan la imagen de la bestia, que tiene la herida de espada, y vivió."
            },
            {
               "verse": 15,
               "text": "Y le fue dado que diese aliento a la imagen de la bestia, a fin de que la imagen de la bestia hablase, y también hiciese que cualesquiera que no adoraren la imagen de la bestia, fuesen matados."
            },
            {
               "verse": 16,
               "text": "Y hace a todos los pequeños y grandes, ricos y pobres, libres y siervos, tomar una señal en su mano derecha, o en sus frentes;"
            },
            {
               "verse": 17,
               "text": "Y que ninguno pueda comprar o vender, sino el que tiene la señal, o el nombre de la bestia, o el número de su nombre."
            },
            {
               "verse": 18,
               "text": "Aquí hay sabiduría. El que tiene entendimiento, cuente el número de la bestia; porque el número es del hombre, y el número de ella  es Seiscientos sesenta  y seis."
            }
         ]
      },
      {
         "chapter": 14,
         "verses": [
            {
               "verse": 1,
               "text": "Y miré, y, he aquí, el Cordero estaba en pie sobre el monte de Sión, y con él ciento  y cuarenta  y cuatro mil, que tenían el nombre de su Padre escrito en sus frentes."
            },
            {
               "verse": 2,
               "text": "Y oí una voz del cielo como ruido de muchas aguas, y como sonido de un gran trueno; y oí una voz de tañedores de arpas que tañían con sus arpas;"
            },
            {
               "verse": 3,
               "text": "Y cantaban como una canción nueva delante del trono, y delante de los cuatro animales, y de los ancianos; y ninguno podía aprender la canción, sino aquellos ciento  y cuarenta  y cuatro mil, los cuales fueron comprados de  entre los de la tierra."
            },
            {
               "verse": 4,
               "text": "Estos son los que con mujeres no fueron contaminados; porque son vírgenes. Estos siguen al Cordero por donde quiera que fuere. Estos fueron comprados de entre los hombres  por primicias para Dios, y para el Cordero."
            },
            {
               "verse": 5,
               "text": "Y en su boca no ha sido hallado engaño; porque ellos son sin mácula delante del trono de Dios."
            },
            {
               "verse": 6,
               "text": "Y ví otro ángel volar por en medio del cielo, que tenía el evangelio eterno, para que evangelizase a los que moran en la tierra, y a toda nación, y tribu, y lengua, y pueblo,"
            },
            {
               "verse": 7,
               "text": "Diciendo a alta voz: Teméd a Dios, y dádle gloria; porque la hora de su juicio es venida; y adorád al que ha hecho el cielo, y la tierra, y la mar, y las fuentes de las aguas."
            },
            {
               "verse": 8,
               "text": "Y otro ángel le siguió, diciendo: Ya es caída: ya es caída Babilonia, aquella gran ciudad, porque ella ha dado a beber a todas las naciones del vino de la ira de su fornicación."
            },
            {
               "verse": 9,
               "text": "Y el tercer ángel los siguió, diciendo en alta voz: Si alguno adora a la bestia, y a su imagen, y toma la señal en su frente, o en su mano,"
            },
            {
               "verse": 10,
               "text": "Este tal beberá del vino de la ira de Dios, el cual está echado puro en el cáliz de su ira; y será atormentado con fuego y azufre delante de los santos ángeles, y delante del Cordero."
            },
            {
               "verse": 11,
               "text": "Y el humo del tormento de ellossube para siempre jamás. Y los que adoran a la bestia, y a su imagen, no tienen reposo día y noche, y  ni quienquiera que tomare la señal de su nombre."
            },
            {
               "verse": 12,
               "text": "Aquí está la paciencia de los santos: aquí  están los que guardan los mandamientos de Dios, y la fe de Jesús."
            },
            {
               "verse": 13,
               "text": "Y oí una voz del cielo, que me decía: Escribe: Bienaventurados  son los muertos, que de aquí adelante mueren en el Señor: Sí, dice el Espíritu, que descansan de sus trabajos, y sus obras los siguen."
            },
            {
               "verse": 14,
               "text": "Y miré, y he aquí una nube blanca, y sobre la nube  uno asentado semejante al Hijo del hombre, que tenía en su cabeza una corona de oro, y en su mano una hoz aguzada."
            },
            {
               "verse": 15,
               "text": "Y otro ángel salió del templo, clamando con alta voz al que estaba sentado sobre la nube: Mete tu hoz, y siega; porque la hora de segar te es venida, porque la mies de la tierra está madura."
            },
            {
               "verse": 16,
               "text": "Y el que estaba sentado sobre la nube echó su hoz sobre la tierra, y la tierra fue segada."
            },
            {
               "verse": 17,
               "text": "Y salió otro ángel del templo que está en el cielo, teniendo también una hoz aguzada."
            },
            {
               "verse": 18,
               "text": "Y otro ángel salió del altar, el cual tenía poder sobre el fuego, y clamó con gran voz al que tenía la hoz aguzada, diciendo: Mete tu hoz aguzada, y vendimia los racimos de la vid de la tierra; porque sus uvas están cumplidamente maduras."
            },
            {
               "verse": 19,
               "text": "Y el ángel metió su hoz  aguzada en la tierra, y vendimió la vid de la tierra, y echó  la vendimia en el grande lagar de la ira de Dios."
            },
            {
               "verse": 20,
               "text": "Y el lagar fue pisado fuera de la ciudad, y del lagar salió sangre hasta los frenos de los caballos por mil  y seiscientos estadios."
            }
         ]
      },
      {
         "chapter": 15,
         "verses": [
            {
               "verse": 1,
               "text": "Y ví otra señal en el cielo, grande y admirable,  que era siete ángeles que tenían las siete plagas postreras; porque en ellas es consumada la ira de Dios."
            },
            {
               "verse": 2,
               "text": "Y ví como una mar de vidrio mezclada con fuego; y los que habían alcanzado la victoria de la bestia, y de su imagen, y de su marca, y del número de su nombre, estar en pie sobre la mar de vidrio, teniendo las arpas de Dios."
            },
            {
               "verse": 3,
               "text": "Y cantan la canción de Moisés siervo de Dios, y la canción del Cordero, diciendo: Grandes y maravillosas  son tus obras, Señor Dios Todopoderoso; tus caminos  son justos y verdaderos, Rey de las naciones."
            },
            {
               "verse": 4,
               "text": "¿Quién no te temerá, oh Señor, y  no glorificará tu nombre? porque  tú solo  eres santo; porque todas las naciones vendrán, y adorarán delante de ti; porque tus juicios son manifestados."
            },
            {
               "verse": 5,
               "text": "Y después de estas cosas, miré, y, he aquí, el templo del tabernáculo del testimonio fue abierto en el cielo;"
            },
            {
               "verse": 6,
               "text": "Y salieron del templo los siete ángeles, que tenían las siete plagas, vestidos de un lino limpio y albo, y ceñidos al derredor de los pechos con cintos de oro."
            },
            {
               "verse": 7,
               "text": "Y uno de los cuatro animales dio a los siete ángeles siete redomas de oro, llenas de la ira de Dios, que vive para siempre jamás."
            },
            {
               "verse": 8,
               "text": "Y fue el templo henchido de humo por la majestad de Dios, y por su potencia; y ninguno podía entrar en el templo, hasta que fuesen consumadas las siete plagas de los siete ángeles."
            }
         ]
      },
      {
         "chapter": 16,
         "verses": [
            {
               "verse": 1,
               "text": "Y oí una grande voz del templo que decía a los siete ángeles: Id, y derramád las  siete redomas de la ira de Dios en la tierra."
            },
            {
               "verse": 2,
               "text": "Y el primer  ángel fue, y derramó su redoma en la tierra, y fue hecha una plaga mala y dañosa sobre los hombres que tenían la marca de la bestia, y  sobre los que adoraban su imagen."
            },
            {
               "verse": 3,
               "text": "Y el segundo ángel derramó su redoma en la mar, y fue vuelta en sangre, como de un muerto, y toda alma viviente fue muerta en la mar."
            },
            {
               "verse": 4,
               "text": "Y el tercer ángel derramó su redoma sobre los ríos, y sobre las fuentes de las aguas, y fueron vueltas en sangre."
            },
            {
               "verse": 5,
               "text": "Y oí al ángel de las aguas, que decía: Tú eres justo, oh Señor, que eres, y  que eras, y  que serás, porque has juzgado así:"
            },
            {
               "verse": 6,
               "text": "Porque ellos derramaron la sangre de santos, y de profetas, y tú les has  también dado a beber sangre; porque son dignos."
            },
            {
               "verse": 7,
               "text": "Y oí a otro del altar que decía: Ciertamente, Señor Dios Todopoderoso, tus juicios  son verdaderos y justos."
            },
            {
               "verse": 8,
               "text": "Y el cuarto ángel derramó su redoma sobre el sol, y le fue dado que afligiese los hombres con calor por fuego."
            },
            {
               "verse": 9,
               "text": "Y los hombres se inflamaron con el grande calor, y blasfemaron el nombre de Dios, que tiene potestad sobre estas plagas, y no se arrepintieron para darle gloria."
            },
            {
               "verse": 10,
               "text": "Y el quinto ángel derramó su redoma sobre la silla de la bestia; y su reino fue hecho tenebroso, y se comieron sus lenguas de dolor."
            },
            {
               "verse": 11,
               "text": "Y blasfemaron del Dios del cielo por causa de sus dolores, y por sus plagas; y no se arrepintieron de sus obras."
            },
            {
               "verse": 12,
               "text": "Y el sexto ángel derramó su redoma sobre el gran río de Éufrates, y el agua de él se secó, para que se aparejase camino a los reyes de la parte de donde sale el sol."
            },
            {
               "verse": 13,
               "text": "Y ví  salir de la boca del dragón, y de la boca de la bestia, y de la boca del falso profeta tres espíritus inmundos a manera de ranas."
            },
            {
               "verse": 14,
               "text": "Porque estos son espíritus de demonios, que hacen prodigios, para ir a los reyes de la tierra, y de todo el mundo, para congregarlos para la batalla de aquel grande día del Dios Todopoderoso."
            },
            {
               "verse": 15,
               "text": "He aquí, yo vengo como ladrón. Bienaventurado el que vela, y guarda sus vestiduras, para que no ande desnudo, y vean su vergüenza."
            },
            {
               "verse": 16,
               "text": "Y los congregó en un lugar que se llama en Hebraico Armagedón."
            },
            {
               "verse": 17,
               "text": "Y el séptimo ángel derramó su redoma por el aire, y salió una gran voz del templo del cielo  por la parte del trono, diciendo: Hecho es."
            },
            {
               "verse": 18,
               "text": "Entonces fueron hechos relámpagos, y voces, y truenos; y fue hecho un gran temblor de tierra, un tal terremoto, tan grande cual no fue jamás después que los hombres han estado sobre la tierra."
            },
            {
               "verse": 19,
               "text": "Y la grande ciudad fue partida en tres partes, y las ciudades de las naciones se cayeron; y la grande Babilonia vino en memoria delante de Dios, para darle el cáliz del vino de la indignación de su ira."
            },
            {
               "verse": 20,
               "text": "Y toda isla huyó, y los montes no fueron hallados."
            },
            {
               "verse": 21,
               "text": "Y cayó del cielo un grande pedrisco sobre los hombres,  cada piedra como del peso de un talento; y los hombres blasfemaron de Dios por razón de la plaga del pedrisco; porque su plaga fue hecha muy grande."
            }
         ]
      },
      {
         "chapter": 17,
         "verses": [
            {
               "verse": 1,
               "text": "Y vino uno de los siete ángeles que tenían las siete redomas, y habló conmigo, diciéndome: Ven acá, y te mostraré la condenación de la gran ramera, la cual está sentada sobre muchas aguas;"
            },
            {
               "verse": 2,
               "text": "Con la cual han fornicado los reyes de la tierra, y los que moran en la tierra se han embriagado con el vino de su fornicación."
            },
            {
               "verse": 3,
               "text": "Y me llevó en el espíritu al desierto; y ví una mujer sentada sobre una bestia de color de grana, llena de nombres de blasfemia,  y que tenía siete cabezas y diez cuernos."
            },
            {
               "verse": 4,
               "text": "Y la mujer estaba vestida de púrpura, y de grana, y dorada con oro, y  adornada de piedras preciosas, y  de perlas, teniendo un cáliz de oro en su mano lleno de abominaciones, y de la suciedad de su fornicación."
            },
            {
               "verse": 5,
               "text": "Y en su frente un nombre escrito: MISTERIO: BABILONIA LA GRANDE, LA MADRE DE LAS FORNICACIONES, Y DE LAS ABOMINACIONES DE LA TIERRA."
            },
            {
               "verse": 6,
               "text": "Y ví la mujer embriagada de la sangre de los santos, y de la sangre de los mártires de Jesús; y cuando la ví, fui maravillado con grande maravilla."
            },
            {
               "verse": 7,
               "text": "Y el ángel me dijo: ¿Por qué te maravillas? Yo te diré el misterio de la mujer, y de la bestia que la lleva, la cual tiene siete cabezas y diez cuernos."
            },
            {
               "verse": 8,
               "text": "La bestia que has visto, fue, y  ya no es; y ha de subir del abismo, y ha de ir a perdición; y los moradores de la tierra (cuyos nombres no están escritos en el libro de la vida desde la fundación del mundo,) se maravillarán cuando vean la bestia la cual era, y  ya no es,  aunque sin embargo es."
            },
            {
               "verse": 9,
               "text": "Aquí hay sentido que tiene sabiduría. Las siete cabezas, son siete montes, sobre los cuales se asienta la mujer."
            },
            {
               "verse": 10,
               "text": "Y son siete reyes: los cinco son caídos, y el uno es,  y el otro aun no es venido; y cuando fuere venido, es necesario que dure breve tiempo."
            },
            {
               "verse": 11,
               "text": "Y la bestia que era, y no es, es también el octavo  rey, y es de los siete, y va a perdición."
            },
            {
               "verse": 12,
               "text": "Y los diez cuernos que has visto, son diez reyes, que aun no han recibido reino, empero recibirán potestad como reyes por una hora con la bestia."
            },
            {
               "verse": 13,
               "text": "Estos tienen un  mismo designio, y darán su poder y autoridad a la bestia."
            },
            {
               "verse": 14,
               "text": "Estos batallarán contra el Cordero, y el Cordero los vencerá; porque es el Señor de los señores, y el Rey de los reyes; y los que  están con él,  son llamados, y elegidos, y fieles."
            },
            {
               "verse": 15,
               "text": "Y él me dice: Las aguas que has visto donde la ramera se sienta, son pueblos, y multitudes, y naciones, y lenguas."
            },
            {
               "verse": 16,
               "text": "Y los diez cuernos que viste sobre la bestia, estos aborrecerán a la ramera, y la harán desolada, y desnuda, y comerán sus carnes, y la quemarán con fuego;"
            },
            {
               "verse": 17,
               "text": "Porque Dios ha puesto en sus corazones, que hagan lo que a él place, y que hagan una voluntad, y que den su reino a la bestia, hasta que sean cumplidas las palabras de Dios."
            },
            {
               "verse": 18,
               "text": "Y la mujer que has visto, es la grande ciudad que tiene su reino sobre los reyes de la tierra."
            }
         ]
      },
      {
         "chapter": 18,
         "verses": [
            {
               "verse": 1,
               "text": "Y después de estas cosas ví otro ángel descender del cielo, teniendo grande poder; y la tierra fue alumbrada de su gloria."
            },
            {
               "verse": 2,
               "text": "Y clamó con fortaleza en alta voz, diciendo: Caída es, caída es Babilonia la grande, y es hecha habitación de demonios, y guarda de todo espíritu inmundo, y guarda de todas aves sucias, y aborrecibles;"
            },
            {
               "verse": 3,
               "text": "Porque todas las naciones han bebido del vino de la ira de su fornicación, y los reyes de la tierra han fornicado con ella, y los mercaderes de la tierra se han enriquecido de la potencia de sus deleites."
            },
            {
               "verse": 4,
               "text": "Y oí otra voz del cielo, que decía: Salíd de ella, pueblo mío, porque no seáis participantes de sus pecados, y que no recibáis de sus plagas."
            },
            {
               "verse": 5,
               "text": "Porque sus pecados han  crecido y llegado hasta el cielo, y Dios se ha acordado de sus maldades."
            },
            {
               "verse": 6,
               "text": "Tornádle a dar  así como ella os ha dado, y pagádle al doble según sus obras: en el cáliz que ella os dio a beber, dádle a beber doblado."
            },
            {
               "verse": 7,
               "text": "Cuanto ella se ha glorificado, y ha vivido en deleites, tanto le dad de tormento y de pesar; porque dice en su corazón: Yo estoy sentada reina, y no soy viuda, y no veré duelo."
            },
            {
               "verse": 8,
               "text": "Por lo cual en un día vendrán sus plagas, muerte, y llanto, y hambre, y será quemada con fuego; porque fuerte  es el Señor Dios que la juzga."
            },
            {
               "verse": 9,
               "text": "Y llorarla han, y plañirse han sobre ella los reyes de la tierra, los cuales han fornicado con ella, y han vivido en deleites, cuando ellos vieren el humo de su encendimiento,"
            },
            {
               "verse": 10,
               "text": "Estando lejos por el temor de su tormento, diciendo: ¡Ay, ay, de aquella gran ciudad de Babilonia, aquella fuerte ciudad; porque en una hora vino tu juicio!"
            },
            {
               "verse": 11,
               "text": "Y los mercaderes de la tierra llorarán y se lamentarán sobre ella; porque ninguno compra más sus mercaderías,"
            },
            {
               "verse": 12,
               "text": "La mercadería de oro, y de plata, y de piedras preciosas, y de margaritas, y de tela de lino fino, y de púrpura, y de seda, y de grana, y de toda madera de tuya, y de todo vaso de marfil, y de todo vaso de maderas las mas preciosas, y de bronce, y de hierro, y de mármol;"
            },
            {
               "verse": 13,
               "text": "Y canela, y olores, y ungüentos, e incienso, y vino, y aceite, y flor de harina, y trigo, y bestias, y de ovejas, y de caballos, y de carros, y de siervos, y de almas de hombres."
            },
            {
               "verse": 14,
               "text": "Y las frutas del deseo de tu alma se apartaron de ti, y todas las cosas gruesas, y excelentes te han faltado; y de aquí adelante ya no hallarás más estas cosas."
            },
            {
               "verse": 15,
               "text": "Los mercaderes de estas cosas que se han enriquecido por ella, se pondrán a lo lejos, por el temor de su tormento, llorando, y lamentando,"
            },
            {
               "verse": 16,
               "text": "Y diciendo: ¡Ay, ay de aquella gran ciudad, que estaba vestida de lino fino, y de púrpura, y de grana, y  estaba dorada con oro, y  adornada de piedras preciosas y de perlas!"
            },
            {
               "verse": 17,
               "text": "Porque en una hora han sido desoladas tantas riquezas. Y todo gobernador, y toda compañía que conversa en las naos, y marineros, y todos los que trabajan en la mar, se estuvieron de lejos;"
            },
            {
               "verse": 18,
               "text": "Y viendo el humo de su encendimiento, dieron voces, diciendo: ¿Cuál  ciudad era semejante a esta grande ciudad?"
            },
            {
               "verse": 19,
               "text": "Y echaron polvo sobre sus cabezas, y dieron voces, llorando, y lamentando, diciendo: ¡Ay, ay de aquella gran ciudad, en la cual todos los que tenían naos en la mar, se habían enriquecido por razón de su costosa magnificencia! porque en una  sola hora ha sido asolada."
            },
            {
               "verse": 20,
               "text": "Regocíjate sobre ella, cielo, y  vosotros santos apóstoles, y profetas; porque Dios os ha vengado en ella."
            },
            {
               "verse": 21,
               "text": "Y un fuerte ángel tomó una piedra como una grande muela de molino, y echóla en la mar, diciendo: Con tanto ímpetu será echada Babilonia, aquella gran ciudad; y no será jamás hallada."
            },
            {
               "verse": 22,
               "text": "Y voz de tañedores de arpas, y de músicos, y tañedores de flautas, y de trompeteros, no será más oída en ti; y todo artífice de cualquier oficio  que fuere, no será más hallado en ti; y voz de muela no será más oída en ti;"
            },
            {
               "verse": 23,
               "text": "Y luz de candela no alumbrará más en ti; y voz de esposo, y de esposa no será más oída en ti; porque tus mercaderes eran los magnates de la tierra; porque por tus hechicerías todas las naciones fueron engañadas."
            },
            {
               "verse": 24,
               "text": "Y en ella se halló la sangre de profetas, y de santos, y de todos los que han sido matados en la tierra."
            }
         ]
      },
      {
         "chapter": 19,
         "verses": [
            {
               "verse": 1,
               "text": "Y después de estas cosas, oí una gran voz de gran compañía en el cielo, que decía: Aleluya: Salvación, y gloria, y honra, y poder al Señor nuestro Dios;"
            },
            {
               "verse": 2,
               "text": "Porque sus juicios  son verdaderos y justos, porque él ha juzgado a la grande ramera que ha corrompido la tierra con su fornicación, y ha vengado la sangre de sus siervos de la mano de ella."
            },
            {
               "verse": 3,
               "text": "Y otra vez dijeron: Aleluya. Y su humo subió para siempre jamás."
            },
            {
               "verse": 4,
               "text": "Y los veinte y cuatro ancianos, y los cuatro animales se postraron, y adoraron a Dios, que estaba sentado sobre el trono, diciendo: Amén: Aleluya."
            },
            {
               "verse": 5,
               "text": "Y salió una voz del trono, que decía: Load a nuestro Dios todos  vosotros sus siervos, y  vosotros los que le teméis, así pequeños, como grandes."
            },
            {
               "verse": 6,
               "text": "Y oí como la voz de una gran multitud, y como la voz de muchas aguas, y como la voz de grandes truenos, que decían: Aleluya. Porque el Señor Dios Todopoderoso reina."
            },
            {
               "verse": 7,
               "text": "Gocémonos, y alegrémonos, y démosle gloria; porque son venidas las bodas del Cordero, y su mujer se ha preparado;"
            },
            {
               "verse": 8,
               "text": "Y le ha sido dado que se vista de tela de lino fino, limpio, y resplandeciente; porque el lino fino son las justificaciones de los santos."
            },
            {
               "verse": 9,
               "text": "Y él me dice: Escribe: Bienaventurados los que son llamados a la cena de las bodas del Cordero. Y díceme: Estas palabras de Dios son verdaderas."
            },
            {
               "verse": 10,
               "text": "Y yo me eché a sus pies para adorarle. Y él me dijo: Mira,  que no  lo hagas: yo soy consiervo tuyo, y de tus hermanos, que tienen el testimonio de Jesús. Adora a Dios; porque el testimonio de Jesús es el espíritu de profecía."
            },
            {
               "verse": 11,
               "text": "Y ví el cielo abierto, y he aquí un caballo blanco; y el que estaba sentado sobre él,  era llamado Fiel y Verdadero, y en justicia juzga y guerrea."
            },
            {
               "verse": 12,
               "text": "Y sus ojos  eran como llama de fuego, y  había en su cabeza muchas diademas, y tenía un nombre escrito que ninguno ha conocido sino él mismo:"
            },
            {
               "verse": 13,
               "text": "Y estaba vestido de una ropa teñida en sangre, y su nombre es llamado El Verbo de Dios."
            },
            {
               "verse": 14,
               "text": "Y los ejércitos que  están en el cielo le seguían en caballos blancos, vestidos de lino fino, blanco, y limpio."
            },
            {
               "verse": 15,
               "text": "Y de su boca sale una espada aguda para herir con ella a las naciones, y él las regirá con vara de hierro; y él pisa el lagar del vino del furor, y de la ira de Dios Todopoderoso."
            },
            {
               "verse": 16,
               "text": "Y en  su vestidura, y en su muslo, tiene un nombre escrito: REY DE REYES, Y SEÑOR DE SEÑORES."
            },
            {
               "verse": 17,
               "text": "Y ví un ángel que estaba de pie en el sol, y clamó con gran voz, diciendo a todas las aves que volaban por medio del cielo: Veníd, y congregáos a la cena del gran Dios;"
            },
            {
               "verse": 18,
               "text": "Para que comáis carnes de reyes, y carnes de capitanes, y carnes de fuertes, y carnes de caballos, y de los que están sentados sobre ellos; y carnes de todos, libres y siervos, y pequeños, y de grandes."
            },
            {
               "verse": 19,
               "text": "Y ví la bestia, y los reyes de la tierra, y sus ejércitos congregados para hacer guerra contra el que estaba sentado sobre el caballo, y contra su ejército."
            },
            {
               "verse": 20,
               "text": "Y la bestia fue presa, y con ella el falso profeta, que había hecho las señales en su presencia, con las cuales había engañado a los que recibieron la marca de la bestia, y a los que adoraron su imagen. Estos dos fueron lanzados vivos dentro de un lago de fuego ardiendo con azufre."
            },
            {
               "verse": 21,
               "text": "Y los demás fueron muertos con la espada que salía de la boca del que estaba sentado sobre el caballo, y todas las aves fueron hartas de las carnes de ellos."
            }
         ]
      },
      {
         "chapter": 20,
         "verses": [
            {
               "verse": 1,
               "text": "Y vi un ángel descender del cielo, que tenía la llave del abismo, y una grande cadena en su mano."
            },
            {
               "verse": 2,
               "text": "Y agarró al dragón, antigua serpiente, que es el Diablo, y Satanás, y le ató por mil años."
            },
            {
               "verse": 3,
               "text": "Y le arrojó al abismo, y le encerró, y selló sobre él; porque no engañase más a las naciones hasta que los mil años fuesen cumplidos, y después de esto, es necesario que sea desatado  por un poco de tiempo."
            },
            {
               "verse": 4,
               "text": "Y ví tronos, y se sentaron sobre ellos, y les fue dado el juicio: y  ví las almas de los que habían sido degollados por el testimonio de Jesús, y por la palabra de Dios, y que no habían adorado la bestia, ni a su imagen, y que no habían recibido  su marca en sus frentes, ni en sus manos; y vivieron, y reinaron con Cristo mil años."
            },
            {
               "verse": 5,
               "text": "Empero los demás muertos no tornaron a vivir, hasta que fueron cumplidos los mil años: esta  es la primera resurrección."
            },
            {
               "verse": 6,
               "text": "Bienaventurado y santo el que tiene parte en la primera resurrección: la segunda muerte no tiene potestad sobre los tales: antes serán sacerdotes de Dios, y de Cristo, y reinarán con él mil años."
            },
            {
               "verse": 7,
               "text": "Y cuando los mil años fueren cumplidos, Satanás será suelto de su prisión;"
            },
            {
               "verse": 8,
               "text": "Y saldrá para engañar las naciones que  están en las cuatro esquinas de la tierra, Gog y Magog, a fin de congregarlas para la batalla, el número de las cuales  es como la arena de la mar."
            },
            {
               "verse": 9,
               "text": "Y subieron sobre la anchura de la tierra, y anduvieron al derredor de los ejércitos de los santos, y de la ciudad amada. Y de Dios descendió fuego del cielo, y los tragó."
            },
            {
               "verse": 10,
               "text": "Y el diablo que los engañaba fue lanzado en el lago de fuego y azufre, donde  está la bestia, y el falso profeta, y serán atormentados día y noche para siempre jamás."
            },
            {
               "verse": 11,
               "text": "Y ví un gran trono blanco, y al que estaba sentado sobre él, de delante del cual huyó la tierra y el cielo; y no se halló lugar para ellos."
            },
            {
               "verse": 12,
               "text": "Y ví los muertos, grandes y pequeños, que estaban en pie delante de Dios; y los libros fueron abiertos; y otro libro fue abierto, el cual es  el libro de la vida; y fueron juzgados los muertos por las cosas que estaban escritas en los libros, según sus obras."
            },
            {
               "verse": 13,
               "text": "Y la mar dio los muertos que estaban en ella; y la muerte, y el infierno dieron los muertos que estaban en ellos; y fue hecho juicio de cada uno de ellos según sus obras."
            },
            {
               "verse": 14,
               "text": "Y la muerte, y el infierno fueron lanzados en el lago de fuego. Esta es la muerte segunda."
            },
            {
               "verse": 15,
               "text": "Y el que no fue hallado escrito en el libro de la vida, fue lanzado en el lago de fuego."
            }
         ]
      },
      {
         "chapter": 21,
         "verses": [
            {
               "verse": 1,
               "text": "Y vi un cielo nuevo, y una tierra nueva: porque el primer cielo, y la primera tierra se fue, y la mar ya no era."
            },
            {
               "verse": 2,
               "text": "Y yo Juan ví la santa ciudad de Jerusalem nueva, que descendía del cielo, aderezada de Dios, como la esposa ataviada para su marido."
            },
            {
               "verse": 3,
               "text": "Y oí una gran voz del cielo, que decía: He aquí, el tabernáculo de Dios con los hombres, y él morará con ellos; y ellos serán su pueblo, y el mismo Dios será su Dios con ellos."
            },
            {
               "verse": 4,
               "text": "Y limpiará Dios toda lágrima de los ojos de ellos; y la muerte no será más; ni habrá más pesar, ni clamor, ni dolor; porque las primeras cosas son pasadas."
            },
            {
               "verse": 5,
               "text": "Y el que estaba sentado en el trono, dijo: He aquí, yo hago nuevas todas las cosas. Y me dijo: Escribe; porque estas palabras son fieles y verdaderas."
            },
            {
               "verse": 6,
               "text": "Y díjome: Hecho es. Yo soy el Alfa y la Omega, el principio y el fin. Al que tuviere sed yo le daré de la fuente del agua de la vida de balde."
            },
            {
               "verse": 7,
               "text": "El que venciere, heredará todas las cosas, y yo seré su Dios, y él será mi hijo."
            },
            {
               "verse": 8,
               "text": "Empero a los temerosos, e incrédulos; a los abominables, y homicidas; y a los fornicarios, y hechiceros; y a los idólatras, y a todos los mentirosos, su parte será en el lago que arde con fuego y azufre, que es la muerte segunda."
            },
            {
               "verse": 9,
               "text": "Y vino a mí uno de los siete ángeles, que tenían las siete redomas llenas de las siete postreras plagas, y habló conmigo, diciendo: Ven acá, yo te mostraré la esposa, mujer del Cordero."
            },
            {
               "verse": 10,
               "text": "Y llevóme en el espíritu a un gran monte y alto, y mostróme la grande ciudad, la santa Jerusalem, que descendía del cielo de Dios,"
            },
            {
               "verse": 11,
               "text": "Teniendo la gloria de Dios; y su lumbre  era semejante a una piedra preciosísima, como piedra de jaspe cristalizante."
            },
            {
               "verse": 12,
               "text": "Y tenía un grande muro y alto,  y tenía doce puertas; y en las puertas, doce ángeles; y nombres escritos sobre  ellas, que son  los nombres de las doce tribus de los hijos de Israel."
            },
            {
               "verse": 13,
               "text": "Al oriente tres puertas: al aquilón tres puertas: al mediodía tres puertas: al poniente tres puertas."
            },
            {
               "verse": 14,
               "text": "Y el muro de la ciudad tenía doce fundamentos; y en ellos los nombres de los doce apóstoles del Cordero."
            },
            {
               "verse": 15,
               "text": "Y el que hablaba conmigo, tenía una medida de una caña de oro, para medir la ciudad, y sus puertas, y su muro."
            },
            {
               "verse": 16,
               "text": "Y la ciudad está situada y puesta en cuadro, y su longitud es tanta como su anchura. Y él midió la ciudad con la caña,  y tenía doce mil estadios;  y la longitud, y la anchura, y la altura de ella son iguales."
            },
            {
               "verse": 17,
               "text": "Y midió su muro,  hallóle de ciento  y cuarenta  y cuatro codos, de medida de hombre, la cual es de ángel."
            },
            {
               "verse": 18,
               "text": "Y el material de su muro era  de jaspe; empero la ciudad  era de oro puro, semejante al vidrio limpio."
            },
            {
               "verse": 19,
               "text": "Y los fundamentos del muro de la ciudad  estaban adornados de toda piedra preciosa. El primer fundamento  era jaspe; el segundo, zafiro; el tercero, calcedonia; el cuarto, esmeralda;"
            },
            {
               "verse": 20,
               "text": "El quinto, sardónica; el sexto, sardio; el séptimo, crisólito; el octavo, beril; el nono, topacio; el décimo, crisoprasa; el undécimo, jacinto; el duodécimo, ametisto."
            },
            {
               "verse": 21,
               "text": "Y las doce puertas  eran doce perlas; cada una de las puertas era de una perla. Y la plaza de la ciudad  era oro puro, como vidrio trasparente."
            },
            {
               "verse": 22,
               "text": "Y yo no ví templo en ella; porque el Señor Dios Todopoderoso y el Cordero son el templo de ella."
            },
            {
               "verse": 23,
               "text": "Y la ciudad no tenía necesidad del sol, ni de la luna para que resplandezcan en ella; porque la gloria de Dios la ha alumbrado, y el Cordero  es su luz."
            },
            {
               "verse": 24,
               "text": "Y las naciones de los que hubieren sido salvos andarán en la luz de ella; y los reyes de la tierra traerán su gloria y honor a ella."
            },
            {
               "verse": 25,
               "text": "Y sus puertas no serán cerradas de día, porque allí no habrá noche:"
            },
            {
               "verse": 26,
               "text": "Y llevarán la gloria, y la honra de las naciones a ella."
            },
            {
               "verse": 27,
               "text": "No entrará en ella ninguna cosa sucia, o que hace abominación y mentira; sino  solamente los que están escritos en el libro de la vida del Cordero."
            }
         ]
      },
      {
         "chapter": 22,
         "verses": [
            {
               "verse": 1,
               "text": "Y mostróme un río puro de agua de vida, claro como cristal, que salía del trono de Dios, y del Cordero."
            },
            {
               "verse": 2,
               "text": "En el medio de la plaza de ella, y de la una parte y de la otra del río,  estaba el árbol de la vida, que lleva doce frutos, dando cada mes su fruto; y las hojas del árbol  eran para la sanidad de las naciones."
            },
            {
               "verse": 3,
               "text": "Y no habrá allí jamás maldición; sino el trono de Dios, y del Cordero estará en ella, y sus siervos le servirán."
            },
            {
               "verse": 4,
               "text": "Y verán su rostro, y su nombre  estará en sus frentes."
            },
            {
               "verse": 5,
               "text": "Y allí no habrá más noche, y no tienen necesidad de luz de candela, ni de luz de sol; porque el Señor Dios los alumbrará, y reinarán para siempre jamás."
            },
            {
               "verse": 6,
               "text": "Y díjome: Estas palabras  son fieles y verdaderas. Y el Señor Dios de los santos profetas ha enviado su ángel, para mostrar a sus siervos las cosas que es necesario que sean hechas presto."
            },
            {
               "verse": 7,
               "text": "He aquí, yo vengo prestamente: Bienaventurado el que guarda las palabras de la profecía de este libro."
            },
            {
               "verse": 8,
               "text": "Y yo Juan  soy el que ha oído, y visto estas cosas. Y después que hube oído y visto, me postré para adorar delante de los pies del ángel que me mostraba estas cosas."
            },
            {
               "verse": 9,
               "text": "Y él me dijo: Mira  que no  lo hagas; porque yo soy consiervo tuyo, y de tus hermanos los profetas, y de los que guardan las palabras de este libro: Adora a Dios."
            },
            {
               "verse": 10,
               "text": "Y díjome: No selles las palabras de la profecía de este libro; porque el tiempo está cerca."
            },
            {
               "verse": 11,
               "text": "El que es injusto, sea injusto todavía; y el que es sucio, ensúciese todavía; y el que es justo, sea  aun todavía justificado; y el que es santo, sea  aun santificado todavía."
            },
            {
               "verse": 12,
               "text": "Y, he aquí, yo vengo prestamente, y mi galardón está conmigo, para recompensar a cada uno según fuere su obra."
            },
            {
               "verse": 13,
               "text": "Yo soy el Alfa y la Omega, el principio, y el fin, el primero y el postrero."
            },
            {
               "verse": 14,
               "text": "Bienaventurados los que guardan sus mandamientos, para que tengan derecho al árbol de la vida, y que entren por las puertas en la ciudad."
            },
            {
               "verse": 15,
               "text": "Mas los perros  estarán de fuera, y los hechiceros, y los disolutos, y los homicidas, y los idólatras, y cualquiera que ama y hace mentira."
            },
            {
               "verse": 16,
               "text": "Yo Jesús he enviado mi ángel para daros testimonio de estas cosas en las iglesias: yo soy la raíz y el linaje de David, la estrella resplandeciente, y de la mañana."
            },
            {
               "verse": 17,
               "text": "Y el Espíritu y la esposa dicen: Ven. Y el que oye, diga: Ven. Y el que tiene sed, venga. Y el que quiere, tome del agua de la vida de balde."
            },
            {
               "verse": 18,
               "text": "Porque yo protesto a cualquiera que oye las palabras de la profecía de este libro: Si alguno añadiere a estas cosas, Dios pondrá sobre él las plagas escritas en este libro."
            },
            {
               "verse": 19,
               "text": "Y si alguno disminuyere de las palabras del libro de esta profecía, Dios quitará su parte del libro de la vida, y de la santa ciudad, y de las cosas que están escritas en este libro."
            },
            {
               "verse": 20,
               "text": "El que da testimonio de estas cosas, dice: Ciertamente vengo en breve. Amén: sea así. Ven, Señor Jesús."
            },
            {
               "verse": 21,
               "text": "La gracia de nuestro Señor Jesu Cristo  sea con todos vosotros. Amén."
            }
         ]
      }
   ]
}