{
  "name": "BibliaApp Pro",
  "version": "2.0.0",
  "build_date": "2025-06-07T17:41:41.944368",
  "description": "Aplicación de formación bíblica de clase mundial",
  "author": "BibliaApp Team",
  "platform": "Android",
  "min_android": "5.0 (API 21)",
  "target_android": "13 (API 33)",
  "compilation_date": "2025-06-07T17:41:41.945557",
  "python_version": "3.8+",
  "kivy_version": "2.1.0",
  "kivymd_version": "1.1.1",
  "target_platforms": [
    "Android"
  ],
  "features": {
    "offline_mode": true,
    "bible_study_tools": 50,
    "gamification": true,
    "social_features": true,
    "notifications": true,
    "multilingual": true
  },
  "file_sizes": {
    "apk_estimated": "45-55 MB",
    "database": "15 MB",
    "assets": "10 MB"
  },
  "requirements": {
    "android_min": "5.0 (API 21)",
    "android_target": "13 (API 33)",
    "ram_min": "2 GB",
    "storage_min": "200 MB"
  }
}